Species,FeedingType,Herbivory2,FoodTroph,old_name
Mycteroperca microlepis,hunting macrofauna (predator),mainly animals (troph. 2.8 and up),3.74,Mycteroperca microlepis
Epinephelus morio,hunting macrofauna (predator),mainly animals (troph. 2.8 and up),3.63,Epinephelus morio
Mycteroperca phenax,hunting macrofauna (predator),mainly animals (troph. 2.8 and up),4.5,Mycteroperca phenax
Alphestes afer,hunting macrofauna (predator),mainly animals (troph. 2.8 and up),4.01,Alphestes afer
Bathyanthias cubensis,NA,NA,NA,Bathyanthias cubensis
Centropristis philadelphica,hunting macrofauna (predator),mainly animals (troph. 2.8 and up),3.83,Centropristis philadelphica
Cephalopholis cruentata,hunting macrofauna (predator),mainly animals (troph. 2.8 and up),4.16,Cephalopholis cruentata
Cephalopholis fulva,hunting macrofauna (predator),mainly animals (troph. 2.8 and up),4.25,Cephalopholis fulva
Dermatolepis inermis,hunting macrofauna (predator),mainly animals (troph. 2.8 and up),4.5,Dermatolepis inermis
Diplectrum bivittatum,NA,NA,NA,Diplectrum bivittatum
Diplectrum formosum,hunting macrofauna (predator),mainly animals (troph. 2.8 and up),4.15,Diplectrum formosum
Epinephelus adscensionis,hunting macrofauna (predator),mainly animals (troph. 2.8 and up),3.75,Epinephelus adscensionis
Epinephelus guttatus,hunting macrofauna (predator),mainly animals (troph. 2.8 and up),4.15,Epinephelus guttatus
Epinephelus itajara,hunting macrofauna (predator),mainly animals (troph. 2.8 and up),4.03,Epinephelus itajara
Epinephelus striatus,hunting macrofauna (predator),mainly animals (troph. 2.8 and up),4.03,Epinephelus striatus
Gonioplectrus hispanus,NA,mainly animals (troph. 2.8 and up),NA,Gonioplectrus hispanus
Hypoplectrus puella,hunting macrofauna (predator),mainly animals (troph. 2.8 and up),NA,Hypoplectrus puella
Hypoplectrus unicolor,hunting macrofauna (predator),mainly animals (troph. 2.8 and up),3.97,Hypoplectrus unicolor
Mycteroperca acutirostris,NA,mainly animals (troph. 2.8 and up),3.4,Mycteroperca acutirostris
Mycteroperca bonaci,hunting macrofauna (predator),mainly animals (troph. 2.8 and up),4.5,Mycteroperca bonaci
Mycteroperca interstitialis,hunting macrofauna (predator),mainly animals (troph. 2.8 and up),4.5,Mycteroperca interstitialis
Mycteroperca tigris,hunting macrofauna (predator),mainly animals (troph. 2.8 and up),4.5,Mycteroperca tigris
Mycteroperca venenosa,hunting macrofauna (predator),mainly animals (troph. 2.8 and up),4.5,Mycteroperca venenosa
Paranthias furcifer,hunting macrofauna (predator),mainly animals (troph. 2.8 and up),3.4,Paranthias furcifer
Pronotogrammus eos,NA,NA,NA,Pronotogrammus eos
Pronotogrammus martinicensis,NA,NA,NA,Pronotogrammus martinicensis
Schultzea beta,filtering plankton,plants/detritus+animals (troph. 2.2-2.79),3.4,Schultzea beta
Serraniculus pumilio,NA,NA,NA,Serraniculus pumilio
Serranus atrobranchus,NA,NA,NA,Serranus atrobranchus
Serranus notospilus,NA,NA,NA,Serranus notospilus
Serranus phoebe,hunting macrofauna (predator),mainly animals (troph. 2.8 and up),3.5,Serranus phoebe
Serranus subligarius,NA,NA,NA,Serranus subligarius
Bathyanthias mexicanus,NA,NA,NA,Bathyanthias mexicanus
Hyporthodus flavolimbatus,hunting macrofauna (predator),mainly animals (troph. 2.8 and up),3.82,Hyporthodus flavolimbatus
Hyporthodus mystacinus,hunting macrofauna (predator),mainly animals (troph. 2.8 and up),4.19,Hyporthodus mystacinus
Hyporthodus nigritus,hunting macrofauna (predator),mainly animals (troph. 2.8 and up),3.97,Hyporthodus nigritus
Hyporthodus niveatus,hunting macrofauna (predator),mainly animals (troph. 2.8 and up),4.04,Hyporthodus niveatus
Centropristis ocyurus,hunting macrofauna (predator),mainly animals (troph. 2.8 and up),3.52,Centropristis ocyurus
Centropristis striata,hunting macrofauna (predator),mainly animals (troph. 2.8 and up),3.66,Centropristis striata
Epinephelus drummondhayi,NA,NA,NA,Epinephelus drummondhayi
Hyporthodus flavolimbatus,hunting macrofauna (predator),mainly animals (troph. 2.8 and up),3.82,Epinephelus flavolimbatus
Hyporthodus mystacinus,hunting macrofauna (predator),mainly animals (troph. 2.8 and up),4.19,Epinephelus mystacinus
Hyporthodus nigritus,hunting macrofauna (predator),mainly animals (troph. 2.8 and up),3.97,Epinephelus nigritus
Hyporthodus niveatus,hunting macrofauna (predator),mainly animals (troph. 2.8 and up),4.04,Epinephelus niveatus
Hemanthias leptus,NA,NA,NA,Hemanthias leptus
Baldwinella vivanus,hunting macrofauna (predator),mainly animals (troph. 2.8 and up),3.25,Hemanthias vivanus
Rypticus maculatus,hunting macrofauna (predator),mainly animals (troph. 2.8 and up),NA,Rypticus maculatus
Lutjanus campechanus,hunting macrofauna (predator),mainly animals (troph. 2.8 and up),3.92,Lutjanus campechanus
Rhomboplites aurorubens,hunting macrofauna (predator),mainly animals (troph. 2.8 and up),3.8,Rhomboplites aurorubens
Etelis oculatus,hunting macrofauna (predator),mainly animals (troph. 2.8 and up),4.18,Etelis oculatus
Lutjanus analis,hunting macrofauna (predator),mainly animals (troph. 2.8 and up),3.92,Lutjanus analis
Lutjanus apodus,hunting macrofauna (predator),mainly animals (troph. 2.8 and up),3.76,Lutjanus apodus
Lutjanus buccanella,hunting macrofauna (predator),mainly animals (troph. 2.8 and up),3.9,Lutjanus buccanella
Lutjanus cyanopterus,hunting macrofauna (predator),mainly animals (troph. 2.8 and up),3.99,Lutjanus cyanopterus
Lutjanus griseus,hunting macrofauna (predator),mainly animals (troph. 2.8 and up),3.88,Lutjanus griseus
Lutjanus jocu,hunting macrofauna (predator),mainly animals (troph. 2.8 and up),3.92,Lutjanus jocu
Lutjanus mahogoni,hunting macrofauna (predator),mainly animals (troph. 2.8 and up),3.98,Lutjanus mahogoni
Lutjanus synagris,hunting macrofauna (predator),mainly animals (troph. 2.8 and up),3.66,Lutjanus synagris
Lutjanus vivanus,hunting macrofauna (predator),mainly animals (troph. 2.8 and up),3.67,Lutjanus vivanus
Ocyurus chrysurus,hunting macrofauna (predator),mainly animals (troph. 2.8 and up),3.88,Ocyurus chrysurus
Pristipomoides aquilonaris,hunting macrofauna (predator),mainly animals (troph. 2.8 and up),4.5,Pristipomoides aquilonaris
Nicholsina usta,browsing on substrate,mainly plants/detritus (troph. 2-2.19),2,Nicholsina usta usta
Scarus iseri,browsing on substrate,mainly plants/detritus (troph. 2-2.19),NA,Scarus iseri
Scarus taeniopterus,browsing on substrate,mainly plants/detritus (troph. 2-2.19),2,Scarus taeniopterus
Sparisoma aurofrenatum,browsing on substrate,mainly plants/detritus (troph. 2-2.19),2,Sparisoma aurofrenatum
Sparisoma chrysopterum,browsing on substrate,mainly plants/detritus (troph. 2-2.19),2,Sparisoma chrysopterum
Sparisoma radians,browsing on substrate,mainly plants/detritus (troph. 2-2.19),2,Sparisoma radians
Sparisoma viride,browsing on substrate,mainly plants/detritus (troph. 2-2.19),2,Sparisoma viride
Acanthurus bahianus,NA,NA,NA,Acanthurus bahianus
Acanthurus chirurgus,grazing on aquatic plants,mainly plants/detritus (troph. 2-2.19),2,Acanthurus chirurgus
Acanthurus coeruleus,browsing on substrate,mainly plants/detritus (troph. 2-2.19),2,Acanthurus coeruleus
Acanthurus randalli,browsing on substrate,mainly plants/detritus (troph. 2-2.19),2,Acanthurus randalli
Albula vulpes,hunting macrofauna (predator),mainly animals (troph. 2.8 and up),3.66,Albula vulpes
Balistes capriscus,hunting macrofauna (predator),mainly animals (troph. 2.8 and up),3.45,Balistes capriscus
Balistes vetula,hunting macrofauna (predator),mainly animals (troph. 2.8 and up),3.3399999141693115,Balistes vetula
Canthidermis maculata,NA,mainly animals (troph. 2.8 and up),3.47,Canthidermis maculata
Canthidermis sufflamen,selective plankton feeding,mainly animals (troph. 2.8 and up),3.48,Canthidermis sufflamen
Chlopsis bicolor,NA,NA,NA,Chlopsis bicolor
Kaupichthys hyoproroides,NA,NA,NA,Kaupichthys hyoproroides
Kaupichthys nuchalis,NA,NA,NA,Kaupichthys nuchalis
Chilorhinus suensonii,hunting macrofauna (predator),mainly animals (troph. 2.8 and up),4.03,Chilorhinus suensonii
Ariosoma balearicum,NA,NA,NA,Ariosoma balearicum
Bathycongrus bullisi,NA,NA,NA,Bathycongrus bullisi
Bathycongrus dubius,NA,NA,NA,Bathycongrus dubius
Bathycongrus vicinalis,NA,NA,NA,Bathycongrus vicinalis
Conger oceanicus,hunting macrofauna (predator),mainly animals (troph. 2.8 and up),4,Conger oceanicus
Gnathophis bathytopos,NA,NA,NA,Gnathophis bathytopos
Gnathophis bracheatopos,NA,NA,NA,Gnathophis bracheatopos
Paraconger caudilimbatus,NA,NA,NA,Paraconger caudilimbatus
Pseudophichthys splendens,NA,NA,NA,Pseudophichthys splendens
Rhynchoconger flavus,NA,NA,NA,Rhynchoconger flavus
Rhynchoconger gracilior,NA,NA,NA,Rhynchoconger gracilior
Uroconger syringinus,NA,NA,NA,Uroconger syringinus
Xenomystax congroides,NA,NA,NA,Xenomystax congroides
Halichoeres burekae,NA,NA,NA,Halichoeres burekae
Bodianus pulchellus,hunting macrofauna (predator),mainly animals (troph. 2.8 and up),3.55,Bodianus pulchellus
Bodianus rufus,hunting macrofauna (predator),mainly animals (troph. 2.8 and up),3.43,Bodianus rufus
Clepticus parrae,hunting macrofauna (predator),mainly animals (troph. 2.8 and up),3.68,Clepticus parrae
Decodon puellaris,NA,NA,NA,Decodon puellaris
Halichoeres bathyphilus,NA,NA,NA,Halichoeres bathyphilus
Halichoeres bivittatus,hunting macrofauna (predator),mainly animals (troph. 2.8 and up),3.5,Halichoeres bivittatus
Halichoeres caudalis,NA,NA,NA,Halichoeres caudalis
Halichoeres garnoti,hunting macrofauna (predator),mainly animals (troph. 2.8 and up),3.5,Halichoeres garnoti
Halichoeres maculipinna,hunting macrofauna (predator),mainly animals (troph. 2.8 and up),3.5,Halichoeres maculipinna
Halichoeres poeyi,hunting macrofauna (predator),mainly animals (troph. 2.8 and up),NA,Halichoeres poeyi
Halichoeres radiatus,variable,mainly animals (troph. 2.8 and up),3.5,Halichoeres radiatus
Lachnolaimus maximus,hunting macrofauna (predator),mainly animals (troph. 2.8 and up),NA,Lachnolaimus maximus
Thalassoma bifasciatum,selective plankton feeding,mainly animals (troph. 2.8 and up),3.49,Thalassoma bifasciatum
Xyrichtys novacula,hunting macrofauna (predator),mainly animals (troph. 2.8 and up),3.38,Xyrichtys novacula
Xyrichtys splendens,hunting macrofauna (predator),mainly animals (troph. 2.8 and up),NA,Xyrichtys splendens
Lobotes surinamensis,hunting macrofauna (predator),mainly animals (troph. 2.8 and up),4.16,Lobotes surinamensis
Avocettina infans,NA,mainly animals (troph. 2.8 and up),3.5,Avocettina infans
Nemichthys scolopaceus,selective plankton feeding,mainly animals (troph. 2.8 and up),3.36,Nemichthys scolopaceus
Ahlia egmontis,NA,NA,NA,Ahlia egmontis
Aplatophis chauliodus,NA,mainly animals (troph. 2.8 and up),4.03,Aplatophis chauliodus
Aprognathodon platyventris,NA,NA,NA,Aprognathodon platyventris
Bascanichthys bascanium,NA,NA,NA,Bascanichthys bascanium
Bascanichthys scuticaris,NA,NA,NA,Bascanichthys scuticaris
Callechelys guineensis,NA,NA,NA,Callechelys guineensis
Callechelys muraena,NA,NA,NA,Callechelys muraena
Callechelys springeri,NA,NA,NA,Callechelys springeri
Echiophis intertinctus,NA,NA,NA,Echiophis intertinctus
Echiophis punctifer,NA,NA,NA,Echiophis punctifer
Ethadophis akkistikos,NA,NA,NA,Ethadophis akkistikos
Gordiichthys irretitus,NA,NA,NA,Gordiichthys irretitus
Letharchus velifer,NA,NA,NA,Letharchus velifer
Myrichthys breviceps,hunting macrofauna (predator),mainly animals (troph. 2.8 and up),3.71,Myrichthys breviceps
Myrophis punctatus,NA,NA,NA,Myrophis punctatus
Ophichthus gomesii,NA,NA,NA,Ophichthus gomesii
Ophichthus puncticeps,NA,NA,NA,Ophichthus puncticeps
Ophichthus rex,NA,NA,NA,Ophichthus rex
Bassogigas gillii,NA,NA,NA,Bassogigas gillii
Brotula barbata,NA,NA,NA,Brotula barbata
Brotulotaenia brevicauda,NA,NA,NA,Brotulotaenia brevicauda
Dicrolene kanazawai,NA,NA,NA,Dicrolene kanazawai
Lamprogrammus niger,NA,NA,NA,Lamprogrammus niger
Lepophidium brevibarbe,NA,NA,NA,Lepophidium brevibarbe
Lepophidium jeannae,NA,NA,NA,Lepophidium jeannae
Lepophidium profundorum,hunting macrofauna (predator),mainly animals (troph. 2.8 and up),NA,Lepophidium profundorum
Lepophidium staurophor,NA,NA,NA,Lepophidium staurophor
Luciobrotula corethromycter,NA,NA,NA,Luciobrotula corethromycter
Monomitopus agassizii,NA,NA,NA,Monomitopus agassizii
Monomitopus magnus,variable,mainly animals (troph. 2.8 and up),3.8,Monomitopus magnus
Neobythites elongatus,hunting macrofauna (predator),mainly animals (troph. 2.8 and up),3.43,Neobythites elongatus
Neobythites gilli,hunting macrofauna (predator),mainly animals (troph. 2.8 and up),3.5,Neobythites gilli
Neobythites marginatus,hunting macrofauna (predator),mainly animals (troph. 2.8 and up),3.5,Neobythites marginatus
Neobythites unicolor,hunting macrofauna (predator),mainly animals (troph. 2.8 and up),3.5,Neobythites unicolor
Ophidion holbrookii,NA,NA,NA,Ophidion beani
Ophidion grayi,NA,NA,NA,Ophidion grayi
Ophidion holbrookii,NA,NA,NA,Ophidion holbrookii
Ophidion josephi,NA,NA,NA,Ophidion josephi
Ophidion josephi,NA,NA,NA,Ophidion welshi
Porogadus catena,NA,NA,NA,Porogadus catena
Porogadus miles,NA,NA,NA,Porogadus miles
Xyelacyba myersi,NA,NA,NA,Xyelacyba myersi
Regalecus glesne,selective plankton feeding,mainly animals (troph. 2.8 and up),3.2,Regalecus glesne
Trachyscorpia cristulata cristulata,NA,NA,NA,Trachyscorpia cristulata cristulata
Aphanopus intermedius,NA,NA,NA,Aphanopus intermedius
Benthodesmus tenuis,NA,NA,NA,Benthodesmus tenuis
Trichiurus lepturus,hunting macrofauna (predator),mainly animals (troph. 2.8 and up),4.2,Trichiurus lepturus
Diodon holocanthus,hunting macrofauna (predator),mainly animals (troph. 2.8 and up),3.31,Diodon holocanthus
Diodon hystrix,hunting macrofauna (predator),mainly animals (troph. 2.8 and up),3.61,Diodon hystrix
Chaetodipterus faber,hunting macrofauna (predator),mainly animals (troph. 2.8 and up),3.5,Chaetodipterus faber
Fistularia petimba,hunting macrofauna (predator),mainly animals (troph. 2.8 and up),4.43,Fistularia petimba
Fistularia tabacaria,hunting macrofauna (predator),mainly animals (troph. 2.8 and up),4.5,Fistularia tabacaria
Awaous banana,browsing on substrate,mainly plants/detritus (troph. 2-2.19),2,Awaous banana
Bathygobius soporator,hunting macrofauna (predator),mainly animals (troph. 2.8 and up),3.71,Bathygobius soporator
Bollmannia communis,NA,NA,NA,Bollmannia communis
Ctenogobius boleosoma,hunting macrofauna (predator),mainly animals (troph. 2.8 and up),3.25,Ctenogobius boleosoma
Ctenogobius fasciatus,NA,NA,NA,Ctenogobius fasciatus
Ctenogobius shufeldti,NA,NA,NA,Ctenogobius shufeldti
Ctenogobius stigmaticus,NA,NA,NA,Ctenogobius stigmaticus
Elacatinus oceanops,picking parasites off a host (cleaner),mainly animals (troph. 2.8 and up),3.5,Elacatinus oceanops
Tigrigobius pallens,NA,NA,NA,Elacatinus pallens
Tigrigobius saucrus,NA,NA,NA,Elacatinus saucrus
Evorthodus lyricus,NA,NA,NA,Evorthodus lyricus
Gobioides broussonnetii,NA,NA,NA,Gobioides broussonnetii
Gobionellus oceanicus,NA,NA,NA,Gobionellus oceanicus
Gobiosoma bosc,NA,NA,NA,Gobiosoma bosc
Gobiosoma robustum,NA,NA,NA,Gobiosoma robustum
Microgobius carri,NA,NA,NA,Microgobius carri
Microgobius gulosus,NA,plants/detritus+animals (troph. 2.2-2.79),NA,Microgobius gulosus
Microgobius microlepis,NA,NA,NA,Microgobius microlepis
Microgobius thalassinus,NA,NA,NA,Microgobius thalassinus
Oxyurichthys stigmalophius,NA,NA,NA,Oxyurichthys stigmalophius
Palatogobius paradoxus,NA,NA,NA,Palatogobius paradoxus
Risor ruber,NA,NA,NA,Risor ruber
Kyphosus incisor,browsing on substrate,mainly plants/detritus (troph. 2-2.19),NA,Kyphosus incisor
Kyphosus sectatrix,grazing on aquatic plants,mainly plants/detritus (troph. 2-2.19),2.27,Kyphosus sectator
Gobioclinus bucciferus,NA,NA,NA,Labrisomus bucciferus
Gobioclinus gobio,NA,NA,NA,Labrisomus gobio
Gobioclinus guppyi,hunting macrofauna (predator),mainly animals (troph. 2.8 and up),3.5,Labrisomus guppyi
Gobioclinus haitiensis,NA,NA,NA,Labrisomus haitiensis
Gobioclinus kalisherae,hunting macrofauna (predator),mainly animals (troph. 2.8 and up),NA,Labrisomus kalisherae
Brockius nigricinctus,NA,NA,NA,Labrisomus nigricinctus
Labrisomus nuchipinnis,hunting macrofauna (predator),mainly animals (troph. 2.8 and up),3.52,Labrisomus nuchipinnis
Malacoctenus aurolineatus,hunting macrofauna (predator),mainly animals (troph. 2.8 and up),3.15,Malacoctenus aurolineatus
Malacoctenus gilli,NA,NA,NA,Malacoctenus gilli
Malacoctenus macropus,NA,NA,NA,Malacoctenus macropus
Malacoctenus triangulatus,hunting macrofauna (predator),mainly animals (troph. 2.8 and up),3.5,Malacoctenus triangulatus
Paraclinus marmoratus,NA,NA,NA,Paraclinus marmoratus
Starksia fasciata,NA,NA,NA,Starksia fasciata
Starksia ocellata,NA,NA,NA,Starksia ocellata
Caulolatilus chrysops,variable,mainly animals (troph. 2.8 and up),3.62,Caulolatilus chrysops
Caulolatilus cyanops,hunting macrofauna (predator),mainly animals (troph. 2.8 and up),4.01,Caulolatilus cyanops
Caulolatilus intermedius,hunting macrofauna (predator),mainly animals (troph. 2.8 and up),3.84,Caulolatilus intermedius
Caulolatilus microps,hunting macrofauna (predator),mainly animals (troph. 2.8 and up),3,Caulolatilus microps
Lopholatilus chamaeleonticeps,hunting macrofauna (predator),mainly animals (troph. 2.8 and up),3.5,Lopholatilus chamaeleonticeps
Malacanthus plumieri,hunting macrofauna (predator),mainly animals (troph. 2.8 and up),3.5,Malacanthus plumieri
Ptereleotris calliura,selective plankton feeding,mainly animals (troph. 2.8 and up),3.4,Ptereleotris calliura
Aluterus heudelotii,grazing on aquatic plants,plants/detritus+animals (troph. 2.2-2.79),2,Aluterus heudelotii
Aluterus monoceros,hunting macrofauna (predator),mainly animals (troph. 2.8 and up),3.49,Aluterus monoceros
Aluterus schoepfii,grazing on aquatic plants,mainly plants/detritus (troph. 2-2.19),4,Aluterus schoepfii
Aluterus scriptus,variable,plants/detritus+animals (troph. 2.2-2.79),3.02,Aluterus scriptus
Cantherhines macrocerus,hunting macrofauna (predator),mainly animals (troph. 2.8 and up),2.74,Cantherhines macrocerus
Cantherhines pullus,variable,plants/detritus+animals (troph. 2.2-2.79),2.9,Cantherhines pullus
Monacanthus ciliatus,variable,plants/detritus+animals (troph. 2.2-2.79),3.1600000858306885,Monacanthus ciliatus
Stephanolepis hispidus,grazing on aquatic plants,mainly plants/detritus (troph. 2-2.19),2.76,Stephanolepis hispidus
Stephanolepis setifer,hunting macrofauna (predator),mainly animals (troph. 2.8 and up),2.85,Stephanolepis setifer
Mulloidichthys martinicus,hunting macrofauna (predator),mainly animals (troph. 2.8 and up),3.5,Mulloidichthys martinicus
Mullus auratus,NA,NA,NA,Mullus auratus
Pseudupeneus maculatus,hunting macrofauna (predator),mainly animals (troph. 2.8 and up),3.37,Pseudupeneus maculatus
Upeneus parvus,hunting macrofauna (predator),mainly animals (troph. 2.8 and up),4.05,Upeneus parvus
Halieutichthys bispinosus,NA,NA,NA,Halieutichthys bispinosus
Lactophrys bicaudalis,variable,plants/detritus+animals (troph. 2.2-2.79),3.5,Rhinesomus bicaudalis
Lactophrys triqueter,hunting macrofauna (predator),mainly animals (troph. 2.8 and up),3.5,Rhinesomus triqueter
Acanthostracion polygonius,hunting macrofauna (predator),mainly animals (troph. 2.8 and up),3.35,Acanthostracion polygonius
Acanthostracion quadricornis,hunting macrofauna (predator),mainly animals (troph. 2.8 and up),3.77,Acanthostracion quadricornis
Lactophrys bicaudalis,variable,plants/detritus+animals (troph. 2.2-2.79),3.5,Lactophrys bicaudalis
Lactophrys trigonus,variable,mainly animals (troph. 2.8 and up),NA,Lactophrys trigonus
Centropyge argi,browsing on substrate,mainly plants/detritus (troph. 2-2.19),2,Centropyge argi
Holacanthus bermudensis,hunting macrofauna (predator),mainly animals (troph. 2.8 and up),3.25,Holacanthus bermudensis
Holacanthus ciliaris,variable,plants/detritus+animals (troph. 2.2-2.79),3.12,Holacanthus ciliaris
Holacanthus bermudensis,hunting macrofauna (predator),mainly animals (troph. 2.8 and up),3.25,Holacanthus isabelita
Holacanthus tricolor,variable,plants/detritus+animals (troph. 2.2-2.79),3.04,Holacanthus tricolor
Pomacanthus arcuatus,hunting macrofauna (predator),plants/detritus+animals (troph. 2.2-2.79),3.1,Pomacanthus arcuatus
Pomacanthus paru,hunting macrofauna (predator),mainly animals (troph. 2.8 and up),3.1,Pomacanthus paru
Abudefduf saxatilis,variable,plants/detritus+animals (troph. 2.2-2.79),2.76,Abudefduf saxatilis
Abudefduf taurus,grazing on aquatic plants,mainly plants/detritus (troph. 2-2.19),2.619999885559082,Abudefduf taurus
Chromis cyanea,selective plankton feeding,mainly animals (troph. 2.8 and up),3.73,Chromis cyanea
Chromis enchrysura,selective plankton feeding,mainly animals (troph. 2.8 and up),3.4,Chromis enchrysura
Chromis insolata,selective plankton feeding,mainly animals (troph. 2.8 and up),3.4,Chromis insolata
Chromis multilineata,selective plankton feeding,mainly animals (troph. 2.8 and up),3.73,Chromis multilineata
Chromis scotti,selective plankton feeding,mainly animals (troph. 2.8 and up),3.4,Chromis scotti
Microspathodon chrysurus,grazing on aquatic plants,mainly plants/detritus (troph. 2-2.19),2,Microspathodon chrysurus
Stegastes adustus,grazing on aquatic plants,mainly plants/detritus (troph. 2-2.19),2,Stegastes adustus
Stegastes diencaeus,grazing on aquatic plants,mainly plants/detritus (troph. 2-2.19),2,Stegastes diencaeus
Stegastes leucostictus,variable,plants/detritus+animals (troph. 2.2-2.79),NA,Stegastes leucostictus
Stegastes partitus,browsing on substrate,mainly plants/detritus (troph. 2-2.19),2,Stegastes partitus
Stegastes planifrons,grazing on aquatic plants,plants/detritus+animals (troph. 2.2-2.79),2.82,Stegastes planifrons
Stegastes variabilis,NA,NA,NA,Stegastes variabilis
Heteropriacanthus cruentatus,hunting macrofauna (predator),mainly animals (troph. 2.8 and up),3.7,Heteropriacanthus cruentatus
Priacanthus arenatus,hunting macrofauna (predator),mainly animals (troph. 2.8 and up),3.62,Priacanthus arenatus
Pristigenys alta,NA,NA,NA,Pristigenys alta
Rachycentron canadum,hunting macrofauna (predator),mainly animals (troph. 2.8 and up),4.26,Rachycentron canadum
Amphelikturus dendriticus,NA,NA,NA,Acentronura dendritica
Anarchopterus criniger,NA,NA,NA,Anarchopterus criniger
Cosmocampus albirostris,NA,NA,NA,Cosmocampus albirostris
Hippocampus erectus,NA,mainly animals (troph. 2.8 and up),3.46,Hippocampus erectus
Hippocampus zosterae,NA,NA,NA,Hippocampus zosterae
Microphis lineatus,NA,NA,NA,Microphis brachyurus lineatus
Syngnathus floridae,hunting macrofauna (predator),mainly animals (troph. 2.8 and up),3.32,Syngnathus floridae
Syngnathus fuscus,hunting macrofauna (predator),mainly animals (troph. 2.8 and up),3.13,Syngnathus fuscus
Syngnathus louisianae,NA,NA,NA,Syngnathus louisianae
Syngnathus pelagicus,NA,NA,NA,Syngnathus pelagicus
Syngnathus scovelli,hunting macrofauna (predator),mainly animals (troph. 2.8 and up),3.34,Syngnathus scovelli
Saurida brasiliensis,hunting macrofauna (predator),mainly animals (troph. 2.8 and up),4.2,Saurida brasiliensis
Saurida caribbaea,NA,NA,NA,Saurida caribbaea
Saurida normani,hunting macrofauna (predator),mainly animals (troph. 2.8 and up),NA,Saurida normani
Synodus foetens,hunting macrofauna (predator),mainly animals (troph. 2.8 and up),4.43,Synodus foetens
Synodus intermedius,hunting macrofauna (predator),mainly animals (troph. 2.8 and up),4.35,Synodus intermedius
Synodus poeyi,hunting macrofauna (predator),mainly animals (troph. 2.8 and up),NA,Synodus poeyi
Synodus synodus,hunting macrofauna (predator),mainly animals (troph. 2.8 and up),4.2,Synodus synodus
Trachinocephalus myops,hunting macrofauna (predator),mainly animals (troph. 2.8 and up),4.17,Trachinocephalus myops
Enneanectes boehlkei,NA,NA,NA,Enneanectes boehlkei
Enneanectes jordani,NA,NA,NA,Enneanectes pectoralis
Pogonias cromis,hunting macrofauna (predator),mainly animals (troph. 2.8 and up),3.78,Pogonias cromis
Sciaenops ocellatus,hunting macrofauna (predator),mainly animals (troph. 2.8 and up),3.74,Sciaenops ocellatus
Cynoscion arenarius,hunting macrofauna (predator),mainly animals (troph. 2.8 and up),NA,Cynoscion arenarius
Cynoscion nebulosus,hunting macrofauna (predator),mainly animals (troph. 2.8 and up),3.98,Cynoscion nebulosus
Cynoscion nothus,hunting macrofauna (predator),mainly animals (troph. 2.8 and up),NA,Cynoscion nothus
Bairdiella chrysoura,variable,mainly animals (troph. 2.8 and up),3.24,Bairdiella chrysoura
Corvula sanctaeluciae,hunting macrofauna (predator),mainly animals (troph. 2.8 and up),3.6,Bairdiella sanctaeluciae
Equetus lanceolatus,hunting macrofauna (predator),mainly animals (troph. 2.8 and up),3.5,Equetus lanceolatus
Larimus fasciatus,hunting macrofauna (predator),mainly animals (troph. 2.8 and up),NA,Larimus fasciatus
Leiostomus xanthurus,hunting macrofauna (predator),mainly animals (troph. 2.8 and up),NA,Leiostomus xanthurus
Menticirrhus americanus,hunting macrofauna (predator),mainly animals (troph. 2.8 and up),NA,Menticirrhus americanus
Menticirrhus littoralis,hunting macrofauna (predator),mainly animals (troph. 2.8 and up),3.29,Menticirrhus littoralis
Menticirrhus saxatilis,hunting macrofauna (predator),mainly animals (troph. 2.8 and up),NA,Menticirrhus saxatilis
Micropogonias furnieri,hunting macrofauna (predator),mainly animals (troph. 2.8 and up),3.27,Micropogonias furnieri
Micropogonias undulatus,hunting macrofauna (predator),mainly animals (troph. 2.8 and up),4,Micropogonias undulatus
Pareques acuminatus,hunting macrofauna (predator),mainly animals (troph. 2.8 and up),3.5,Pareques acuminatus
Pareques umbrosus,NA,NA,NA,Pareques umbrosus
Stellifer lanceolatus,hunting macrofauna (predator),mainly animals (troph. 2.8 and up),3.5,Stellifer lanceolatus
Umbrina coroides,hunting macrofauna (predator),mainly animals (troph. 2.8 and up),3.28,Umbrina coroides
Corvula batabana,hunting macrofauna (predator),mainly animals (troph. 2.8 and up),3.39,Corvula batabana
Elops smithi,NA,NA,NA,Elops smithi
Elops saurus,hunting macrofauna (predator),mainly animals (troph. 2.8 and up),4.11,Elops saurus
Mugil cephalus,variable,mainly plants/detritus (troph. 2-2.19),2.48,Mugil cephalus
Mugil curema,grazing on aquatic plants,mainly plants/detritus (troph. 2-2.19),2.42,Mugil curema
Mugil hospes,selective plankton feeding,mainly animals (troph. 2.8 and up),NA,Mugil hospes
Mugil trichodon,browsing on substrate,mainly plants/detritus (troph. 2-2.19),2,Mugil trichodon
Trachinotus carolinus,hunting macrofauna (predator),mainly animals (troph. 2.8 and up),3.85,Trachinotus carolinus
Trachinotus falcatus,hunting macrofauna (predator),mainly animals (troph. 2.8 and up),3.5,Trachinotus falcatus
Trachinotus goodei,hunting macrofauna (predator),mainly animals (troph. 2.8 and up),NA,Trachinotus goodei
Archosargus probatocephalus,hunting macrofauna (predator),mainly animals (troph. 2.8 and up),3.53,Archosargus probatocephalus
Centropomus parallelus,hunting macrofauna (predator),mainly animals (troph. 2.8 and up),4.21,Centropomus parallelus
Centropomus pectinatus,NA,mainly animals (troph. 2.8 and up),4.03,Centropomus pectinatus
Centropomus undecimalis,hunting macrofauna (predator),mainly animals (troph. 2.8 and up),4.08,Centropomus undecimalis
Achirus lineatus,hunting macrofauna (predator),mainly animals (troph. 2.8 and up),3.67,Achirus lineatus
Gymnachirus melas,NA,NA,NA,Gymnachirus melas
Gymnachirus texae,NA,NA,NA,Gymnachirus texae
Trinectes maculatus,NA,mainly animals (troph. 2.8 and up),NA,Trinectes maculatus
Bothus ocellatus,variable,mainly animals (troph. 2.8 and up),3.5,Bothus ocellatus
Bothus robinsi,hunting macrofauna (predator),mainly animals (troph. 2.8 and up),3.72,Bothus robinsi
Chascanopsetta lugubris,hunting macrofauna (predator),mainly animals (troph. 2.8 and up),3.5,Chascanopsetta lugubris
Engyophrys senta,NA,NA,NA,Engyophrys senta
Monolene antillarum,NA,NA,NA,Monolene antillarum
Trichopsetta ventralis,NA,NA,NA,Trichopsetta ventralis
Symphurus civitatium,NA,NA,NA,Symphurus civitatium
Symphurus diomedeanus,hunting macrofauna (predator),mainly animals (troph. 2.8 and up),3.29,Symphurus diomedeanus
Symphurus parvus,NA,NA,NA,Symphurus parvus
Symphurus pelicanus,NA,NA,NA,Symphurus pelicanus
Symphurus piger,NA,NA,NA,Symphurus piger
Symphurus plagiusa,hunting macrofauna (predator),mainly animals (troph. 2.8 and up),3.2,Symphurus plagiusa
Symphurus stigmosus,NA,NA,NA,Symphurus stigmosus
Symphurus urospilus,NA,NA,NA,Symphurus urospilus
Ancylopsetta dilecta,NA,NA,NA,Ancylopsetta dilecta
Ancylopsetta ommata,hunting macrofauna (predator),mainly animals (troph. 2.8 and up),3.52,Ancylopsetta ommata
Citharichthys arctifrons,hunting macrofauna (predator),mainly animals (troph. 2.8 and up),NA,Citharichthys arctifrons
Citharichthys cornutus,NA,NA,NA,Citharichthys cornutus
Citharichthys macrops,NA,NA,NA,Citharichthys macrops
Citharichthys spilopterus,variable,mainly animals (troph. 2.8 and up),3.5699999332427974,Citharichthys spilopterus
Cyclopsetta chittendeni,browsing on substrate,mainly animals (troph. 2.8 and up),NA,Cyclopsetta chittendeni
Cyclopsetta fimbriata,NA,NA,NA,Cyclopsetta fimbriata
Etropus crossotus,hunting macrofauna (predator),mainly animals (troph. 2.8 and up),3.27999997138977,Etropus crossotus
Etropus microstomus,NA,NA,NA,Etropus microstomus
Etropus rimosus,NA,NA,NA,Etropus rimosus
Gastropsetta frontalis,NA,NA,NA,Gastropsetta frontalis
Paralichthys albigutta,NA,NA,NA,Paralichthys albigutta
Paralichthys lethostigma,hunting macrofauna (predator),mainly animals (troph. 2.8 and up),3.480000019073486,Paralichthys lethostigma
Paralichthys squamilentus,NA,NA,NA,Paralichthys squamilentus
Syacium gunteri,hunting macrofauna (predator),mainly animals (troph. 2.8 and up),3.26,Syacium gunteri
Syacium micrurum,hunting macrofauna (predator),mainly animals (troph. 2.8 and up),3.27,Syacium micrurum
Syacium papillosum,hunting macrofauna (predator),mainly animals (troph. 2.8 and up),3.64,Syacium papillosum
Pseudopleuronectes americanus,hunting macrofauna (predator),mainly animals (troph. 2.8 and up),3.08,Pseudopleuronectes americanus
Poecilopsetta beanii,NA,NA,NA,Poecilopsetta beanii
Acipenser oxyrinchus,hunting macrofauna (predator),mainly animals (troph. 2.8 and up),3.38,Acipenser oxyrinchus oxyrinchus
Acipenser oxyrinchus,hunting macrofauna (predator),mainly animals (troph. 2.8 and up),3.27,Acipenser oxyrinchus oxyrinchus
Synagrops bellus,NA,NA,NA,Synagrops bellus
Albula nemoptera,NA,NA,NA,Albula nemoptera
Alepocephalus agassizii,hunting macrofauna (predator),mainly animals (troph. 2.8 and up),3.89,Alepocephalus agassizii
Alepocephalus australis,NA,NA,NA,Alepocephalus australis
Alepocephalus productus,NA,NA,NA,Alepocephalus productus
Asquamiceps caeruleus,NA,NA,NA,Asquamiceps caeruleus
Bajacalifornia megalops,NA,NA,NA,Bajacalifornia megalops
Bathytroctes microlepis,NA,NA,NA,Bathytroctes microlepis
Conocara macropterum,NA,NA,NA,Conocara macropterum
Conocara murrayi,NA,NA,NA,Conocara murrayi
Leptoderma macrops,NA,NA,NA,Leptoderma macrops
Narcetes stomias,NA,NA,NA,Narcetes stomias
Rouleina attrita,NA,NA,NA,Rouleina attrita
Talismania homoptera,NA,NA,NA,Talismania homoptera
Xenodermichthys copei,variable,mainly animals (troph. 2.8 and up),3.19,Xenodermichthys copei
Anguilla rostrata,hunting macrofauna (predator),mainly animals (troph. 2.8 and up),3.62,Anguilla rostrata
Fowlerichthys ocellatus,NA,mainly animals (troph. 2.8 and up),4.05,Antennarius ocellatus
Antennarius striatus,hunting macrofauna (predator),mainly animals (troph. 2.8 and up),4.2,Antennarius striatus
Ariopsis felis,hunting macrofauna (predator),mainly animals (troph. 2.8 and up),4.5,Ariopsis felis
Bagre marinus,hunting macrofauna (predator),mainly animals (troph. 2.8 and up),3.88,Bagre marinus
Galeichthys feliceps,hunting macrofauna (predator),mainly animals (troph. 2.8 and up),3.5,Galeichthys feliceps
Ariomma bondi,hunting macrofauna (predator),mainly animals (troph. 2.8 and up),3.5,Ariomma bondi
Ariomma melanum,hunting macrofauna (predator),mainly animals (troph. 2.8 and up),3.5,Ariomma melanum
Ariomma regulus,selective plankton feeding,mainly animals (troph. 2.8 and up),3.4,Ariomma regulus
Borostomias elucens,hunting macrofauna (predator),mainly animals (troph. 2.8 and up),4.03,Borostomias elucens
Borostomias mononema,hunting macrofauna (predator),mainly animals (troph. 2.8 and up),3.98,Borostomias mononema
Heterophotus ophistoma,hunting macrofauna (predator),mainly animals (troph. 2.8 and up),4.2,Heterophotus ophistoma
Ijimaia antillarum,NA,NA,NA,Ijimaia antillarum
Aulopus filamentosus,NA,mainly animals (troph. 2.8 and up),4.2,Aulopus filamentosus
Bathygadus macrops,NA,NA,NA,Bathygadus macrops
Gadomus arcuatus,NA,NA,NA,Gadomus arcuatus
Gadomus longifilis,hunting macrofauna (predator),mainly animals (troph. 2.8 and up),3.17,Gadomus longifilis
Opsanus beta,NA,NA,NA,Opsanus beta
Opsanus pardus,NA,NA,NA,Opsanus pardus
Porichthys plectrodon,hunting macrofauna (predator),mainly animals (troph. 2.8 and up),NA,Porichthys plectrodon
Callionymus bairdi,NA,NA,NA,Paradiplogrammus bairdi
Antigonia capros,hunting macrofauna (predator),mainly animals (troph. 2.8 and up),3.54,Antigonia capros
Snyderidia canina,NA,NA,NA,Snyderidia canina
Chauliodus sloani,hunting macrofauna (predator),mainly animals (troph. 2.8 and up),4.06,Chauliodus sloani
Coloconger meadi,NA,NA,NA,Coloconger meadi
Dactylopterus volitans,hunting macrofauna (predator),mainly animals (troph. 2.8 and up),3.68,Dactylopterus volitans
Chilomycterus schoepfii,hunting macrofauna (predator),mainly animals (troph. 2.8 and up),3.5,Chilomycterus schoepfi
Dormitator maculatus,grazing on aquatic plants,plants/detritus+animals (troph. 2.2-2.79),NA,Dormitator maculatus
Eleotris pisonis,hunting macrofauna (predator),mainly animals (troph. 2.8 and up),3.72,Eleotris pisonis
Gobiomorus dormitor,hunting macrofauna (predator),mainly animals (troph. 2.8 and up),3.63,Gobiomorus dormitor
Anisotremus surinamensis,hunting macrofauna (predator),mainly animals (troph. 2.8 and up),3.53,Anisotremus surinamensis
Anisotremus virginicus,hunting macrofauna (predator),mainly animals (troph. 2.8 and up),3.44,Anisotremus virginicus
Conodon nobilis,hunting macrofauna (predator),mainly animals (troph. 2.8 and up),3.05,Conodon nobilis
Haemulon album,hunting macrofauna (predator),mainly animals (troph. 2.8 and up),3.4,Haemulon album
Haemulon aurolineatum,hunting macrofauna (predator),mainly animals (troph. 2.8 and up),3.19,Haemulon aurolineatum
Haemulon carbonarium,hunting macrofauna (predator),mainly animals (troph. 2.8 and up),3.5,Haemulon carbonarium
Haemulon flavolineatum,hunting macrofauna (predator),mainly animals (troph. 2.8 and up),3.35,Haemulon flavolineatum
Haemulon macrostomum,hunting macrofauna (predator),mainly animals (troph. 2.8 and up),3.26,Haemulon macrostomum
Haemulon melanurum,hunting macrofauna (predator),mainly animals (troph. 2.8 and up),3.5,Haemulon melanurum
Haemulon parra,hunting macrofauna (predator),mainly animals (troph. 2.8 and up),3.91,Haemulon parra
Haemulon plumierii,hunting macrofauna (predator),mainly animals (troph. 2.8 and up),3.78,Haemulon plumierii
Haemulon sciurus,hunting macrofauna (predator),mainly animals (troph. 2.8 and up),3.41,Haemulon sciurus
Haemulon striatum,filtering plankton,plants/detritus+animals (troph. 2.2-2.79),3.4,Haemulon striatum
Orthopristis chrysoptera,hunting macrofauna (predator),mainly animals (troph. 2.8 and up),3.390000104904175,Orthopristis chrysoptera
Pomadasys crocro,hunting macrofauna (predator),mainly animals (troph. 2.8 and up),4.03,Pomadasys crocro
Holocentrus adscensionis,hunting macrofauna (predator),mainly animals (troph. 2.8 and up),3.4,Holocentrus adscensionis
Holocentrus rufus,hunting macrofauna (predator),mainly animals (troph. 2.8 and up),3.49,Holocentrus rufus
Myripristis jacobus,hunting macrofauna (predator),mainly animals (troph. 2.8 and up),3.63,Myripristis jacobus
Idiacanthus fasciola,NA,mainly animals (troph. 2.8 and up),3.92,Idiacanthus fasciola
Bathytyphlops marionae,variable,mainly animals (troph. 2.8 and up),3.34,Bathytyphlops marionae
Lophiodes monodi,NA,NA,NA,Lophiodes monodi
Lophiodes reticulatus,NA,NA,NA,Lophiodes reticulatus
Lophius gastrophysus,hunting macrofauna (predator),mainly animals (troph. 2.8 and up),4.5,Lophius gastrophysus
Lophotus lacepede,hunting macrofauna (predator),mainly animals (troph. 2.8 and up),4.5,Lophotus lacepede
Coelorinchus caribbaeus,NA,NA,NA,Caelorinchus caribbaeus
Coelorinchus occa,hunting macrofauna (predator),mainly animals (troph. 2.8 and up),3.62,Caelorinchus occa
Cetonurus globiceps,variable,mainly animals (troph. 2.8 and up),3.85,Cetonurus globiceps
Coryphaenoides alateralis,NA,NA,NA,Coryphaenoides alateralis
Coryphaenoides mediterraneus,hunting macrofauna (predator),mainly animals (troph. 2.8 and up),3.4,Coryphaenoides mediterraneus
Coryphaenoides mexicanus,NA,NA,NA,Coryphaenoides mexicanus
Coryphaenoides rudis,hunting macrofauna (predator),mainly animals (troph. 2.8 and up),4.5,Coryphaenoides rudis
Coryphaenoides zaniophorus,variable,mainly animals (troph. 2.8 and up),3.23,Coryphaenoides zaniophorus
Kuronezumia bubonis,NA,NA,NA,Kuronezumia bubonis
Malacocephalus laevis,hunting macrofauna (predator),mainly animals (troph. 2.8 and up),3.79,Malacocephalus laevis
Malacocephalus occidentalis,selective plankton feeding,mainly animals (troph. 2.8 and up),3.16,Malacocephalus occidentalis
Nezumia aequalis,hunting macrofauna (predator),mainly animals (troph. 2.8 and up),3.21,Nezumia aequalis
Nezumia atlantica,NA,NA,NA,Nezumia atlantica
Trachonurus sulcatus,NA,NA,NA,Trachonurus sulcatus
Trachonurus villosus,NA,NA,NA,Trachonurus villosus
Ventrifossa macropogon,NA,NA,NA,Ventrifossa macropogon
Squalogadus modificatus,NA,NA,NA,Squalogadus modificatus
Malacosteus niger,hunting macrofauna (predator),mainly animals (troph. 2.8 and up),3.72,Malacosteus niger
Echiostoma barbatum,hunting macrofauna (predator),mainly animals (troph. 2.8 and up),4.14,Echiostoma barbatum
Eustomias obscurus,NA,mainly animals (troph. 2.8 and up),4.5,Eustomias obscurus
Flagellostomias boureei,NA,NA,NA,Flagellostomias boureei
Leptostomias gladiator,NA,mainly animals (troph. 2.8 and up),4.2,Leptostomias gladiator
Melanostomias biseriatus,hunting macrofauna (predator),mainly animals (troph. 2.8 and up),4.2,Melanostomias biseriatus
Photonectes dinema,NA,NA,NA,Photonectes dinema
Photonectes margarita,NA,mainly animals (troph. 2.8 and up),4.03,Photonectes margarita
Microdesmus longipinnis,NA,NA,NA,Microdesmus longipinnis
Neoconger mucronatus,NA,NA,NA,Neoconger mucronatus
Morone saxatilis,hunting macrofauna (predator),mainly animals (troph. 2.8 and up),4.47,Morone saxatilis
Enchelycore carychroa,NA,NA,NA,Enchelycore carychroa
Enchelycore nigricans,NA,NA,NA,Enchelycore nigricans
Gymnothorax conspersus,hunting macrofauna (predator),mainly animals (troph. 2.8 and up),NA,Gymnothorax conspersus
Gymnothorax funebris,hunting macrofauna (predator),mainly animals (troph. 2.8 and up),4.01,Gymnothorax funebris
Gymnothorax kolpos,NA,NA,NA,Gymnothorax kolpos
Gymnothorax miliaris,hunting macrofauna (predator),mainly animals (troph. 2.8 and up),3.87,Gymnothorax miliaris
Gymnothorax moringa,hunting macrofauna (predator),mainly animals (troph. 2.8 and up),4.22,Gymnothorax moringa
Gymnothorax nigromarginatus,NA,NA,NA,Gymnothorax nigromarginatus
Gymnothorax ocellatus,hunting macrofauna (predator),mainly animals (troph. 2.8 and up),4.08,Gymnothorax ocellatus
Gymnothorax saxicola,NA,NA,NA,Gymnothorax saxicola
Gymnothorax vicinus,hunting macrofauna (predator),mainly animals (troph. 2.8 and up),4.2,Gymnothorax vicinus
Muraena retifera,NA,NA,NA,Muraena retifera
Uropterygius macularius,NA,NA,NA,Uropterygius macularius
Eptatretus minor,NA,NA,NA,Eptatretus minor
Eptatretus springeri,NA,NA,NA,Eptatretus springeri
Nettastoma melanura,hunting macrofauna (predator),mainly animals (troph. 2.8 and up),3.5,Nettastoma melanura
Hoplunnis macrura,NA,NA,NA,Hoplunnis macrura
Hoplunnis tenuis,NA,NA,NA,Hoplunnis tenuis
Nettastoma melanura,hunting macrofauna (predator),mainly animals (troph. 2.8 and up),3.5,Nettastoma melanurum
Nettastoma syntresis,NA,NA,NA,Nettastoma syntresis
Saurenchelys cognita,NA,NA,NA,Saurenchelys cognita
Psenes pellucidus,selective plankton feeding,mainly animals (troph. 2.8 and up),3.85,Psenes pellucidus
Notacanthus chemnitzii,hunting macrofauna (predator),mainly animals (troph. 2.8 and up),3.5,Notacanthus chemnitzii
Dibranchus atlanticus,hunting macrofauna (predator),mainly animals (troph. 2.8 and up),3.42,Dibranchus atlanticus
Ogcocephalus cubifrons,NA,NA,NA,Ogcocephalus cubifrons
Ogcocephalus nasutus,hunting macrofauna (predator),mainly animals (troph. 2.8 and up),3.55,Ogcocephalus nasutus
Ogcocephalus pantostictus,NA,NA,NA,Ogcocephalus pantostictus
Ogcocephalus radiatus,NA,NA,NA,Ogcocephalus radiatus
Bembrops anatirostris,NA,NA,NA,Bembrops anatirostris
Bembrops gobioides,NA,NA,NA,Bembrops gobioides
Urophycis cirrata,NA,NA,NA,Urophycis cirrata
Urophycis floridana,hunting macrofauna (predator),mainly animals (troph. 2.8 and up),3.69,Urophycis floridana
Urophycis regia,hunting macrofauna (predator),mainly animals (troph. 2.8 and up),3.72,Urophycis regia
Polydactylus octonemus,NA,NA,NA,Polydactylus octonemus
Neomerinthe hemingwayi,NA,NA,NA,Neomerinthe hemingwayi
Pontinus castor,hunting macrofauna (predator),mainly animals (troph. 2.8 and up),3.5,Pontinus castor
Pontinus longispinis,NA,NA,NA,Pontinus longispinis
Scorpaena brasiliensis,hunting macrofauna (predator),mainly animals (troph. 2.8 and up),4.09,Scorpaena brasiliensis
Scorpaena plumieri,hunting macrofauna (predator),mainly animals (troph. 2.8 and up),4.04,Scorpaena plumieri
Helicolenus dactylopterus,hunting macrofauna (predator),mainly animals (troph. 2.8 and up),3.8,Helicolenus dactylopterus
Serrivomer beanii,hunting macrofauna (predator),mainly animals (troph. 2.8 and up),3.88,Serrivomer beanii
Diplodus holbrookii,grazing on aquatic plants,plants/detritus+animals (troph. 2.2-2.79),2.7,Diplodus holbrookii
Archosargus rhomboidalis,variable,plants/detritus+animals (troph. 2.2-2.79),3.06,Archosargus rhomboidalis
Calamus arctifrons,hunting macrofauna (predator),mainly animals (troph. 2.8 and up),3.5,Calamus arctifrons
Calamus bajonado,hunting macrofauna (predator),mainly animals (troph. 2.8 and up),NA,Calamus bajonado
Calamus calamus,hunting macrofauna (predator),mainly animals (troph. 2.8 and up),NA,Calamus calamus
Calamus leucosteus,hunting macrofauna (predator),mainly animals (troph. 2.8 and up),NA,Calamus leucosteus
Calamus nodosus,hunting macrofauna (predator),mainly animals (troph. 2.8 and up),3.61,Calamus nodosus
Calamus penna,hunting macrofauna (predator),mainly animals (troph. 2.8 and up),3.35,Calamus penna
Calamus pennatula,hunting macrofauna (predator),mainly animals (troph. 2.8 and up),3.54,Calamus pennatula
Calamus proridens,hunting macrofauna (predator),mainly animals (troph. 2.8 and up),3.5,Calamus proridens
Pagrus pagrus,hunting macrofauna (predator),mainly animals (troph. 2.8 and up),3.55,Pagrus pagrus
Stenotomus caprinus,hunting macrofauna (predator),mainly animals (troph. 2.8 and up),NA,Stenotomus caprinus
Eustomias arborifer,NA,mainly animals (troph. 2.8 and up),4.2,Eustomias arborifer
Eustomias filifer,hunting macrofauna (predator),mainly animals (troph. 2.8 and up),4.2,Eustomias filifer
Eustomias macrurus,NA,mainly animals (troph. 2.8 and up),4.5,Eustomias macrurus
Leptostomias bermudensis,hunting macrofauna (predator),mainly animals (troph. 2.8 and up),4.199999809265137,Leptostomias bermudensis
Leptostomias haplocaulus,NA,mainly animals (troph. 2.8 and up),4.5,Leptostomias haplocaulus
Melanostomias macrophotus,NA,NA,NA,Melanostomias macrophotus
Melanostomias melanops,hunting macrofauna (predator),mainly animals (troph. 2.8 and up),4.2,Melanostomias melanops
Melanostomias tentaculatus,hunting macrofauna (predator),mainly animals (troph. 2.8 and up),4.2,Melanostomias tentaculatus
Melanostomias valdiviae,hunting macrofauna (predator),mainly animals (troph. 2.8 and up),4.2,Melanostomias valdiviae
Photonectes braueri,NA,NA,NA,Photonectes braueri
Photonectes parvimanus,NA,NA,NA,Photonectes parvimanus
Stomias longibarbatus,NA,NA,NA,Stomias longibarbatus
Dysomma anguillare,NA,NA,NA,Dysomma anguillare
Haptenchelys texis,NA,NA,NA,Haptenchelys texis
Ilyophis brunneus,hunting macrofauna (predator),mainly animals (troph. 2.8 and up),3.23,Ilyophis brunneus
Synaphobranchus affinis,NA,NA,NA,Synaphobranchus affinis
Synaphobranchus brevidorsalis,NA,NA,NA,Synaphobranchus brevidorsalis
Lagocephalus laevigatus,hunting macrofauna (predator),mainly animals (troph. 2.8 and up),4.02,Lagocephalus laevigatus
Sphoeroides nephelus,variable,plants/detritus+animals (troph. 2.2-2.79),3.5,Sphoeroides nephelus
Sphoeroides pachygaster,hunting macrofauna (predator),mainly animals (troph. 2.8 and up),4.2,Sphoeroides pachygaster
Sphoeroides spengleri,hunting macrofauna (predator),mainly animals (troph. 2.8 and up),3.5,Sphoeroides spengleri
Sphoeroides testudineus,hunting macrofauna (predator),mainly animals (troph. 2.8 and up),3.4,Sphoeroides testudineus
Prionotus longispinosus,NA,NA,NA,Prionotus longispinosus
Prionotus ophryas,NA,NA,NA,Prionotus ophryas
Prionotus rubio,NA,NA,NA,Prionotus rubio
Prionotus scitulus,hunting macrofauna (predator),mainly animals (troph. 2.8 and up),NA,Prionotus scitulus
Prionotus tribulus,NA,NA,NA,Prionotus tribulus
Astroscopus y-graecum,hunting macrofauna (predator),mainly animals (troph. 2.8 and up),4.2,Astroscopus y-graecum
Kathetostoma albigutta,NA,NA,NA,Kathetostoma albigutta
Zenopsis conchifer,hunting macrofauna (predator),mainly animals (troph. 2.8 and up),4.17,Zenopsis conchifer
Parascombrops spinosus,NA,NA,NA,Synagrops spinosus
Caraibops trispinosus,NA,NA,NA,Synagrops trispinosus
Rinoctes nasutus,hunting macrofauna (predator),mainly animals (troph. 2.8 and up),3.18,Rinoctes nasutus
Talismania antillarum,NA,NA,NA,Talismania antillarum
Antennarius multiocellatus,hunting macrofauna (predator),mainly animals (troph. 2.8 and up),4.05,Antennarius multiocellatus
Fowlerichthys radiosus,NA,NA,NA,Antennarius radiosus
Histrio histrio,hunting macrofauna (predator),mainly animals (troph. 2.8 and up),3.93,Histrio histrio
Astronesthes gemmifer,hunting macrofauna (predator),mainly animals (troph. 2.8 and up),4.03,Astronesthes gemmifer
Astronesthes macropogon,hunting macrofauna (predator),mainly animals (troph. 2.8 and up),3.68,Astronesthes macropogon
Astronesthes richardsoni,NA,mainly animals (troph. 2.8 and up),3.93,Astronesthes richardsoni
Astronesthes similus,hunting macrofauna (predator),mainly animals (troph. 2.8 and up),4.2,Astronesthes similus
Opsanus dichrostomus,NA,NA,NA,Opsanus dichrostomus
Chasmodes bosquianus,NA,NA,NA,Chasmodes bosquianus
Chasmodes longimaxilla,NA,NA,NA,Chasmodes longimaxilla
Entomacrodus nigricans,grazing on aquatic plants,mainly plants/detritus (troph. 2-2.19),2,Entomacrodus nigricans
Hypsoblennius invemar,NA,NA,NA,Hypsoblennius invemar
Lupinoblennius vinctus,NA,NA,NA,Lupinoblennius dispar
Lupinoblennius nicholsi,NA,NA,NA,Lupinoblennius nicholsi
Ophioblennius macclurei,NA,NA,NA,Ophioblennius macclurei
Parablennius marmoreus,selective plankton feeding,plants/detritus+animals (troph. 2.2-2.79),2.46,Parablennius marmoreus
Scartella cristata,grazing on aquatic plants,mainly plants/detritus (troph. 2-2.19),3.24,Scartella cristata
Bregmaceros cayorum,NA,NA,NA,Bregmaceros cayorum
Bregmaceros atlanticus,filtering plankton,plants/detritus+animals (troph. 2.2-2.79),2.81,Bregmaceros atlanticus
Bregmaceros cantori,NA,NA,NA,Bregmaceros cantori
Bregmaceros houdei,NA,NA,NA,Bregmaceros houdei
Bregmaceros nectabanus,NA,NA,NA,Bregmaceros nectabanus
Antigonia combatia,NA,NA,NA,Antigonia combatia
Carapus bermudensis,NA,NA,NA,Carapus bermudensis
Echiodon dawsoni,NA,NA,NA,Echiodon dawsoni
Macroramphosus scolopax,hunting macrofauna (predator),mainly animals (troph. 2.8 and up),3.47,Macroramphosus scolopax
Chauliodus danae,hunting macrofauna (predator),mainly animals (troph. 2.8 and up),4.01,Chauliodus danae
Chaunax suttkusi,NA,NA,NA,Chaunax suttkusi
Cyprinodon variegatus,NA,NA,NA,Cyprinodon variegatus variegatus
Floridichthys carpio,hunting macrofauna (predator),mainly animals (troph. 2.8 and up),3.29,Floridichthys carpio
Dactyloscopus moorei,NA,NA,NA,Dactyloscopus moorei
Dactyloscopus tridigitatus,NA,NA,NA,Dactyloscopus tridigitatus
Gillellus healae,hunting macrofauna (predator),mainly animals (troph. 2.8 and up),4,Gillellus healae
Eleotris amblyopsis,hunting macrofauna (predator),mainly animals (troph. 2.8 and up),3.3399999141693115,Eleotris amblyopsis
Erotelis smaragdus,NA,NA,NA,Erotelis smaragdus
Epigonus robustus,NA,NA,NA,Epigonus macrops
Epigonus macrops,NA,NA,NA,Epigonus macrops
Epigonus pandionis,NA,NA,NA,Epigonus pandionis
Epigonus pectinifer,NA,NA,NA,Epigonus pectinifer
Fundulus grandis,NA,mainly animals (troph. 2.8 and up),3.42,Fundulus grandis
Fundulus xenicus,NA,NA,NA,Adinia xenica
Fundulus confluentus,NA,NA,NA,Fundulus confluentus
Fundulus jenkinsi,NA,NA,NA,Fundulus jenkinsi
Fundulus majalis,NA,NA,NA,Fundulus majalis
Fundulus pulvereus,NA,NA,NA,Fundulus pulvereus
Lucania parva,selective plankton feeding,mainly animals (troph. 2.8 and up),NA,Lucania parva
Gobiesox strumosus,NA,NA,NA,Gobiesox strumosus
Evermannichthys spongicola,NA,NA,NA,Evermannichthys spongicola
Lipogramma trilineata,NA,NA,NA,Lipogramma trilineata
Xenolepidichthys dalgleishi,NA,NA,NA,Xenolepidichthys dalgleishi
Haemulon chrysargyreum,hunting macrofauna (predator),mainly animals (troph. 2.8 and up),3.49,Haemulon chrysargyreum
Ostichthys trachypoma,NA,NA,NA,Ostichthys trachypoma
Plectrypops retrospinis,hunting macrofauna (predator),mainly animals (troph. 2.8 and up),3.27,Plectrypops retrospinis
Sargocentron bullisi,NA,NA,NA,Sargocentron bullisi
Sargocentron coruscum,hunting macrofauna (predator),mainly animals (troph. 2.8 and up),3.53,Sargocentron coruscum
Sargocentron poco,NA,NA,NA,Sargocentron poco
Sargocentron vexillarium,hunting macrofauna (predator),mainly animals (troph. 2.8 and up),3.63,Sargocentron vexillarium
Paraliparis calidus,hunting macrofauna (predator),mainly animals (troph. 2.8 and up),3.49,Paraliparis calidus
Hymenocephalus aterrimus,NA,NA,NA,Hymenocephalus aterrimus
Hymenocephalus billsam,NA,NA,NA,Hymenocephalus billsam
Hymenocephalus italicus,variable,mainly animals (troph. 2.8 and up),3.4,Hymenocephalus italicus
Aristostomias grimaldii,NA,mainly animals (troph. 2.8 and up),4.2,Aristostomias grimaldii
Aristostomias grimaldii,NA,mainly animals (troph. 2.8 and up),4.2,Aristostomias grimaldii
Aristostomias polydactylus,hunting macrofauna (predator),mainly animals (troph. 2.8 and up),4.25,Aristostomias polydactylus
Aristostomias tittmanni,hunting macrofauna (predator),mainly animals (troph. 2.8 and up),4.2,Aristostomias tittmanni
Aristostomias xenostoma,NA,mainly animals (troph. 2.8 and up),3.81,Aristostomias xenostoma
Photostomias guernei,hunting macrofauna (predator),mainly animals (troph. 2.8 and up),3.49,Photostomias guernei
Melamphaes eulepis,NA,NA,NA,Melamphaes eulepis
Melamphaes pumilus,NA,NA,NA,Melamphaes pumilus
Melamphaes simus,NA,mainly animals (troph. 2.8 and up),3,Melamphaes simus
Melamphaes typhlops,NA,NA,NA,Melamphaes typhlops
Poromitra capito,NA,NA,NA,Poromitra capito
Poromitra crassiceps,selective plankton feeding,mainly animals (troph. 2.8 and up),3.1,Poromitra crassiceps
Poromitra megalops,NA,NA,NA,Poromitra megalops
Bathophilus digitatus,hunting macrofauna (predator),mainly animals (troph. 2.8 and up),4.2,Bathophilus digitatus
Bathophilus longipinnis,hunting macrofauna (predator),mainly animals (troph. 2.8 and up),4.2,Bathophilus longipinnis
Bathophilus nigerrimus,hunting macrofauna (predator),mainly animals (troph. 2.8 and up),4.2,Bathophilus nigerrimus
Bathophilus pawneei,hunting macrofauna (predator),mainly animals (troph. 2.8 and up),4.2,Bathophilus pawneei
Eustomias brevibarbatus,hunting macrofauna (predator),mainly animals (troph. 2.8 and up),4.2,Eustomias brevibarbatus
Eustomias macrophthalmus,NA,NA,NA,Eustomias macrophthalmus
Eustomias schmidti,hunting macrofauna (predator),mainly animals (troph. 2.8 and up),4.2,Eustomias schmidti
Leptostomias bilobatus,hunting macrofauna (predator),mainly animals (troph. 2.8 and up),4.2,Leptostomias bilobatus
Microdesmus lanceolatus,NA,NA,NA,Microdesmus lanceolatus
Xenophthalmichthys danae,NA,NA,NA,Xenophthalmichthys danae
Benthosema suborbitale,selective plankton feeding,mainly animals (troph. 2.8 and up),3.4,Benthosema suborbitale
Bolinichthys photothorax,NA,NA,3,Bolinichthys photothorax
Bolinichthys supralateralis,NA,NA,NA,Bolinichthys supralateralis
Centrobranchus nigroocellatus,selective plankton feeding,mainly animals (troph. 2.8 and up),3.4,Centrobranchus nigroocellatus
Ceratoscopelus warmingii,selective plankton feeding,mainly animals (troph. 2.8 and up),3.42,Ceratoscopelus warmingii
Diaphus dumerilii,NA,NA,3,Diaphus dumerilii
Diaphus fragilis,selective plankton feeding,mainly animals (troph. 2.8 and up),3.07,Diaphus fragilis
Diaphus garmani,NA,NA,NA,Diaphus garmani
Diaphus lucidus,NA,NA,3,Diaphus lucidus
Diaphus luetkeni,NA,mainly animals (troph. 2.8 and up),3.78,Diaphus luetkeni
Diaphus mollis,hunting macrofauna (predator),mainly animals (troph. 2.8 and up),3,Diaphus mollis
Diaphus perspicillatus,selective plankton feeding,mainly animals (troph. 2.8 and up),3.12,Diaphus perspicillatus
Diaphus problematicus,NA,NA,3,Diaphus problematicus
Diaphus rafinesquii,NA,mainly animals (troph. 2.8 and up),3.4,Diaphus rafinesquii
Diaphus splendidus,NA,NA,3,Diaphus splendidus
Diaphus subtilis,NA,NA,NA,Diaphus subtilis
Diaphus taaningi,hunting macrofauna (predator),mainly animals (troph. 2.8 and up),3.1,Diaphus taaningi
Diaphus termophilus,NA,NA,NA,Diaphus termophilus
Diogenichthys atlanticus,hunting macrofauna (predator),mainly animals (troph. 2.8 and up),3.11,Diogenichthys atlanticus
Gonichthys cocco,NA,mainly animals (troph. 2.8 and up),3.21,Gonichthys cocco
Hygophum hygomii,NA,NA,3,Hygophum hygomii
Hygophum macrochir,NA,NA,NA,Hygophum macrochir
Hygophum reinhardtii,selective plankton feeding,mainly animals (troph. 2.8 and up),3.21,Hygophum reinhardtii
Lampadena luminosa,NA,NA,NA,Lampadena luminosa
Lampanyctus alatus,selective plankton feeding,mainly animals (troph. 2.8 and up),3.22,Lampanyctus alatus
Lampanyctus nobilis,selective plankton feeding,mainly animals (troph. 2.8 and up),3.12,Lampanyctus nobilis
Lampanyctus tenuiformis,NA,NA,NA,Lampanyctus tenuiformis
Lepidophanes guentheri,selective plankton feeding,mainly animals (troph. 2.8 and up),3,Lepidophanes guentheri
Lobianchia gemellarii,NA,mainly animals (troph. 2.8 and up),3,Lobianchia gemellarii
Myctophum affine,selective plankton feeding,mainly animals (troph. 2.8 and up),3,Myctophum affine
Myctophum asperum,selective plankton feeding,mainly animals (troph. 2.8 and up),3.68,Myctophum asperum
Myctophum nitidulum,selective plankton feeding,mainly animals (troph. 2.8 and up),3.4,Myctophum nitidulum
Myctophum obtusirostre,NA,NA,NA,Myctophum obtusirostre
Nannobrachium atrum,NA,NA,NA,Nannobrachium atrum
Nannobrachium cuprarium,variable,mainly animals (troph. 2.8 and up),3.259999990463257,Nannobrachium cuprarium
Nannobrachium lineatum,selective plankton feeding,mainly animals (troph. 2.8 and up),3,Nannobrachium lineatum
Notolychnus valdiviae,selective plankton feeding,mainly animals (troph. 2.8 and up),3.07,Notolychnus valdiviae
Notoscopelus caudispinosus,NA,NA,NA,Notoscopelus caudispinosus
Notoscopelus resplendens,selective plankton feeding,mainly animals (troph. 2.8 and up),3,Notoscopelus resplendens
Taaningichthys bathyphilus,NA,NA,NA,Taaningichthys bathyphilus
Nettenchelys pygmaea,NA,NA,NA,Nettenchelys pygmaea
Dibranchus tremendus,NA,NA,NA,Dibranchus tremendus
Halieutichthys aculeatus,NA,NA,NA,Halieutichthys aculeatus
Ogcocephalus corniger,NA,NA,NA,Ogcocephalus corniger
Ogcocephalus declivirostris,NA,NA,NA,Ogcocephalus declivirostris
Zalieutes mcgintyi,NA,NA,NA,Zalieutes mcgintyi
Ophidion antipholus,NA,NA,NA,Ophidion antipholus
Ophidion dromio,NA,NA,NA,Ophidion dromio
Otophidium omostigma,NA,NA,NA,Otophidium omostigma
Lonchopisthus micrognathus,NA,NA,NA,Lonchopisthus micrognathus
Opistognathus lonchurus,NA,NA,NA,Opistognathus lonchurus
Opistognathus macrognathus,hunting macrofauna (predator),mainly animals (troph. 2.8 and up),4.23,Opistognathus macrognathus
Opistognathus nothus,NA,NA,NA,Opistognathus nothus
Stemonosudis bullisi,NA,NA,NA,Stemonosudis bullisi
Stemonosudis gracilis,NA,NA,NA,Stemonosudis gracilis
Stemonosudis intermedia,NA,NA,NA,Stemonosudis intermedia
Mentodus facilis,NA,NA,NA,Mentodus facilis
Platytroctes apus,NA,NA,NA,Platytroctes apus
Kryptolebias marmoratus,NA,mainly animals (troph. 2.8 and up),3.19,Kryptolebias marmoratus
Phenacoscorpius nebris,NA,NA,NA,Phenacoscorpius nebris
Scorpaena agassizii,NA,NA,NA,Scorpaena agassizii
Scorpaena bergii,NA,NA,NA,Scorpaena bergii
Scorpaena calcarata,NA,NA,NA,Scorpaena calcarata
Scorpaena dispar,NA,NA,NA,Scorpaena dispar
Scorpaena inermis,hunting macrofauna (predator),mainly animals (troph. 2.8 and up),3.91,Scorpaena inermis
Scorpaena isthmensis,NA,NA,NA,Scorpaena isthmensis
Aristostomias lunifer,hunting macrofauna (predator),mainly animals (troph. 2.8 and up),4.2,Aristostomias lunifer
Astronesthes indicus,hunting macrofauna (predator),mainly animals (troph. 2.8 and up),3.51,Astronesthes indicus
Astronesthes micropogon,variable,mainly animals (troph. 2.8 and up),3.71,Astronesthes micropogon
Astronesthes niger,hunting macrofauna (predator),mainly animals (troph. 2.8 and up),3.78,Astronesthes niger
Eustomias achirus,NA,NA,NA,Eustomias achirus
Eustomias acinosus,NA,mainly animals (troph. 2.8 and up),4.2,Eustomias acinosus
Eustomias bibulbosus,NA,mainly animals (troph. 2.8 and up),4.2,Eustomias bibulbosus
Eustomias bigelowi,hunting macrofauna (predator),mainly animals (troph. 2.8 and up),4.2,Eustomias bigelowi
Eustomias binghami,NA,NA,NA,Eustomias binghami
Eustomias braueri,NA,NA,NA,Eustomias braueri
Eustomias dendriticus,hunting macrofauna (predator),mainly animals (troph. 2.8 and up),4.2,Eustomias dendriticus
Eustomias fissibarbis,hunting macrofauna (predator),mainly animals (troph. 2.8 and up),4.2,Eustomias fissibarbis
Eustomias hypopsilus,NA,mainly animals (troph. 2.8 and up),4.2,Eustomias hypopsilus
Eustomias longibarba,NA,NA,NA,Eustomias longibarba
Eustomias monoclonus,NA,NA,NA,Eustomias monoclonus
Eustomias polyaster,NA,NA,NA,Eustomias polyaster
Eustomias variabilis,NA,NA,NA,Eustomias variabilis
Grammatostomias circularis,NA,NA,NA,Grammatostomias circularis
Leptostomias leptobolus,hunting macrofauna (predator),mainly animals (troph. 2.8 and up),4.2,Leptostomias leptobolus
Melanostomias margaritifer,NA,NA,NA,Melanostomias margaritifer
Melanostomias melanopogon,NA,NA,NA,Melanostomias melanopogon
Neonesthes capensis,hunting macrofauna (predator),mainly animals (troph. 2.8 and up),4,Neonesthes capensis
Photonectes achirus,NA,NA,NA,Photonectes achirus
Photonectes leucospilus,hunting macrofauna (predator),mainly animals (troph. 2.8 and up),4.2,Photonectes leucospilus
Photonectes phyllopogon,NA,NA,NA,Photonectes phyllopogon
Stomias affinis,hunting macrofauna (predator),mainly animals (troph. 2.8 and up),4.28,Stomias affinis
Stomias brevibarbatus,hunting macrofauna (predator),mainly animals (troph. 2.8 and up),3.94,Stomias brevibarbatus
Symphysanodon berryi,NA,NA,NA,Symphysanodon berryi
Canthigaster jamestyleri,NA,NA,NA,Canthigaster jamestyleri
Canthigaster rostrata,variable,plants/detritus+animals (troph. 2.2-2.79),2.77,Canthigaster rostrata
Sphoeroides dorsalis,NA,NA,NA,Sphoeroides dorsalis
Sphoeroides parvus,NA,NA,NA,Sphoeroides parvus
Bellator brachychir,NA,NA,NA,Bellator brachychir
Bellator egretta,NA,NA,NA,Bellator egretta
Bellator militaris,NA,NA,NA,Bellator militaris
Prionotus alatus,hunting macrofauna (predator),mainly animals (troph. 2.8 and up),NA,Prionotus alatus
Prionotus martis,NA,NA,NA,Prionotus martis
Prionotus paralatus,NA,NA,NA,Prionotus paralatus
Prionotus roseus,hunting macrofauna (predator),mainly animals (troph. 2.8 and up),NA,Prionotus roseus
Prionotus stearnsi,NA,NA,NA,Prionotus stearnsi
Lycenchelys bullisi,NA,NA,NA,Lycenchelys bullisi
Thunnus albacares,hunting macrofauna (predator),mainly animals (troph. 2.8 and up),4.48,Thunnus albacares
Thunnus thynnus,hunting macrofauna (predator),mainly animals (troph. 2.8 and up),4.21,Thunnus thynnus
Euthynnus alletteratus,hunting macrofauna (predator),mainly animals (troph. 2.8 and up),3.98,Euthynnus alletteratus
Auxis rochei,hunting macrofauna (predator),mainly animals (troph. 2.8 and up),4.4,Auxis rochei
Auxis thazard,hunting macrofauna (predator),mainly animals (troph. 2.8 and up),4.360000133514403,Auxis thazard
Xiphias gladius,hunting macrofauna (predator),mainly animals (troph. 2.8 and up),4.5,Xiphias gladius
Kajikia albida,hunting macrofauna (predator),mainly animals (troph. 2.8 and up),4.460000038146973,Tetrapturus albidus
Makaira nigricans,hunting macrofauna (predator),mainly animals (troph. 2.8 and up),4.389999866485597,Makaira nigricans
Istiophorus platypterus,hunting macrofauna (predator),mainly animals (troph. 2.8 and up),4.5,Istiophorus platypterus
Istiophorus albicans,hunting macrofauna (predator),mainly animals (troph. 2.8 and up),4.420000076293945,Istiophorus albicans
Tetrapturus pfluegeri,hunting macrofauna (predator),mainly animals (troph. 2.8 and up),4.5,Tetrapturus pfluegeri
Seriola dumerili,hunting macrofauna (predator),mainly animals (troph. 2.8 and up),4.06,Seriola dumerili
Carangoides bartholomaei,hunting macrofauna (predator),mainly animals (troph. 2.8 and up),4.5,Caranx bartholomaei
Caranx ruber,hunting macrofauna (predator),mainly animals (troph. 2.8 and up),3.81,Caranx ruber
Alectis ciliaris,hunting macrofauna (predator),mainly animals (troph. 2.8 and up),3.46,Alectis ciliaris
Carangoides bartholomaei,hunting macrofauna (predator),mainly animals (troph. 2.8 and up),4.5,Carangoides bartholomaei
Caranx crysos,hunting macrofauna (predator),mainly animals (troph. 2.8 and up),3.63,Caranx crysos
Caranx hippos,hunting macrofauna (predator),mainly animals (troph. 2.8 and up),3.83,Caranx hippos
Caranx latus,hunting macrofauna (predator),mainly animals (troph. 2.8 and up),3.88,Caranx latus
Caranx lugubris,hunting macrofauna (predator),mainly animals (troph. 2.8 and up),4,Caranx lugubris
Chloroscombrus chrysurus,hunting macrofauna (predator),mainly animals (troph. 2.8 and up),3.53,Chloroscombrus chrysurus
Decapterus macarellus,hunting macrofauna (predator),mainly animals (troph. 2.8 and up),3.24,Decapterus macarellus
Decapterus punctatus,hunting macrofauna (predator),mainly animals (troph. 2.8 and up),3.26,Decapterus punctatus
Elagatis bipinnulata,hunting macrofauna (predator),mainly animals (troph. 2.8 and up),3.59,Elagatis bipinnulata
Hemicaranx amblyrhynchus,NA,NA,NA,Hemicaranx amblyrhynchus
Naucrates ductor,NA,mainly animals (troph. 2.8 and up),3.41,Naucrates ductor
Oligoplites saurus,hunting macrofauna (predator),mainly animals (troph. 2.8 and up),3.53,Oligoplites saurus
Selar crumenophthalmus,hunting macrofauna (predator),mainly animals (troph. 2.8 and up),3.57,Selar crumenophthalmus
Selene setapinnis,hunting macrofauna (predator),mainly animals (troph. 2.8 and up),3.72,Selene setapinnis
Selene vomer,hunting macrofauna (predator),mainly animals (troph. 2.8 and up),3.67,Selene vomer
Seriola fasciata,hunting macrofauna (predator),mainly animals (troph. 2.8 and up),4.5,Seriola fasciata
Seriola rivoliana,hunting macrofauna (predator),mainly animals (troph. 2.8 and up),4.5,Seriola rivoliana
Seriola zonata,hunting macrofauna (predator),mainly animals (troph. 2.8 and up),4.5,Seriola zonata
Trachurus lathami,variable,mainly animals (troph. 2.8 and up),3.27,Trachurus lathami
Scomberomorus cavalla,hunting macrofauna (predator),mainly animals (troph. 2.8 and up),4.43,Scomberomorus cavalla
Diplospinus multistriatus,hunting macrofauna (predator),mainly animals (troph. 2.8 and up),3.51,Diplospinus multistriatus
Gempylus serpens,hunting macrofauna (predator),mainly animals (troph. 2.8 and up),4.35,Gempylus serpens
Lepidocybium flavobrunneum,hunting macrofauna (predator),mainly animals (troph. 2.8 and up),4.34,Lepidocybium flavobrunneum
Nealotus tripes,hunting macrofauna (predator),mainly animals (troph. 2.8 and up),4.2,Nealotus tripes
Neoepinnula americana,NA,NA,NA,Neoepinnula americana
Neoepinnula orientalis,hunting macrofauna (predator),mainly animals (troph. 2.8 and up),4.19,Neoepinnula orientalis
Nesiarchus nasutus,hunting macrofauna (predator),mainly animals (troph. 2.8 and up),4.33,Nesiarchus nasutus
Promethichthys prometheus,hunting macrofauna (predator),mainly animals (troph. 2.8 and up),4.18,Promethichthys prometheus
Ruvettus pretiosus,hunting macrofauna (predator),mainly animals (troph. 2.8 and up),4.18,Ruvettus pretiosus
Scomberomorus maculatus,hunting macrofauna (predator),mainly animals (troph. 2.8 and up),4.35,Scomberomorus maculatus
Sardinella aurita,selective plankton feeding,plants/detritus+animals (troph. 2.2-2.79),3.04,Sardinella aurita
Alepisaurus ferox,hunting macrofauna (predator),mainly animals (troph. 2.8 and up),4.39,Alepisaurus ferox
Coryphaena equiselis,hunting macrofauna (predator),mainly animals (troph. 2.8 and up),4.5,Coryphaena equiselis
Coryphaena hippurus,hunting macrofauna (predator),mainly animals (troph. 2.8 and up),4.5,Coryphaena hippurus
Remora albescens,NA,NA,NA,Remora albescens
Echeneis naucrates,picking parasites off a host (cleaner),mainly animals (troph. 2.8 and up),3.4,Echeneis naucrates
Echeneis neucratoides,NA,NA,NA,Echeneis neucratoides
Phtheirichthys lineatus,NA,NA,NA,Phtheirichthys lineatus
Remora australis,NA,NA,NA,Remora australis
Remora brachyptera,NA,NA,NA,Remora brachyptera
Remora osteochir,NA,mainly animals (troph. 2.8 and up),3.5,Remora osteochir
Remora remora,hunting macrofauna (predator),mainly animals (troph. 2.8 and up),3,Remora remora
Remora albescens,NA,NA,NA,Remorina albescens
Cheilopogon exsiliens,NA,mainly animals (troph. 2.8 and up),3.03,Cheilopogon exsiliens
Lampris guttatus,hunting macrofauna (predator),mainly animals (troph. 2.8 and up),4.22,Lampris guttatus
Luvarus imperialis,hunting macrofauna (predator),mainly animals (troph. 2.8 and up),3.79,Luvarus imperialis
Masturus lanceolatus,hunting macrofauna (predator),mainly animals (troph. 2.8 and up),3.61,Masturus lanceolatus
Mola mola,hunting macrofauna (predator),mainly animals (troph. 2.8 and up),3.28,Mola mola
Gadella imberbis,hunting macrofauna (predator),mainly animals (troph. 2.8 and up),3.03,Gadella imberbis
Pomatomus saltatrix,hunting macrofauna (predator),mainly animals (troph. 2.8 and up),4.08,Pomatomus saltatrix
Acanthocybium solandri,hunting macrofauna (predator),mainly animals (troph. 2.8 and up),4.420000076293945,Acanthocybium solandri
Auxis rochei,hunting macrofauna (predator),mainly animals (troph. 2.8 and up),4.4,Auxis rochei rochei
Auxis thazard,hunting macrofauna (predator),mainly animals (troph. 2.8 and up),4.360000133514403,Auxis thazard thazard
Katsuwonus pelamis,hunting macrofauna (predator),mainly animals (troph. 2.8 and up),4.03,Katsuwonus pelamis
Sarda sarda,hunting macrofauna (predator),mainly animals (troph. 2.8 and up),4.34,Sarda sarda
Scomberomorus regalis,hunting macrofauna (predator),mainly animals (troph. 2.8 and up),4.38,Scomberomorus regalis
Thunnus atlanticus,hunting macrofauna (predator),mainly animals (troph. 2.8 and up),3.799999952316284,Thunnus atlanticus
Thunnus obesus,hunting macrofauna (predator),mainly animals (troph. 2.8 and up),4.48,Thunnus obesus
Sphyraena barracuda,hunting macrofauna (predator),mainly animals (troph. 2.8 and up),4.5,Sphyraena barracuda
Sphyraena borealis,NA,NA,NA,Sphyraena borealis
Sphyraena guachancho,hunting macrofauna (predator),mainly animals (troph. 2.8 and up),4.38,Sphyraena guachancho
Peprilus burti,NA,mainly animals (troph. 2.8 and up),4,Peprilus burti
Peprilus paru,hunting macrofauna (predator),mainly animals (troph. 2.8 and up),3.87,Peprilus paru
Peprilus triacanthus,hunting macrofauna (predator),mainly animals (troph. 2.8 and up),3.68,Peprilus triacanthus
Bathytroctes macrolepis,NA,NA,NA,Bathytroctes macrolepis
Anoplogaster brachycera,NA,NA,NA,Anoplogaster brachycera
Anoplogaster cornuta,hunting macrofauna (predator),mainly animals (troph. 2.8 and up),4.01,Anoplogaster cornuta
Aphyonus gelatinosus,NA,NA,NA,Aphyonus gelatinosus
Barathronus bicolor,NA,NA,NA,Barathronus bicolor
Bathyclupea argentea,NA,NA,NA,Bathyclupea argentea
Bathygadus favosus,NA,NA,NA,Bathygadus favosus
Bathygadus melanobranchus,variable,mainly animals (troph. 2.8 and up),3.3,Bathygadus melanobranchus
Bathylagichthys greyae,filtering plankton,mainly animals (troph. 2.8 and up),3.4,Bathylagichthys greyae
Bathysaurus mollis,NA,mainly animals (troph. 2.8 and up),4.5,Bathysaurus mollis
Foetorepus agassizii,NA,NA,NA,Foetorepus agassizii
Cryptopsaras couesii,NA,mainly animals (troph. 2.8 and up),4.5,Cryptopsaras couesii
Cetomimus teevani,NA,NA,NA,Cetomimus teevani
Ditropichthys storeri,NA,NA,NA,Ditropichthys storeri
Gyrinomimus myersi,NA,NA,NA,Gyrinomimus myersi
Chiasmodon niger,hunting macrofauna (predator),mainly animals (troph. 2.8 and up),4.2,Chiasmodon niger
Kali macrodon,NA,NA,NA,Kali macrodon
Pseudoscopelus altipinnis,NA,NA,NA,Pseudoscopelus altipinnis
Pseudoscopelus scriptus,NA,NA,NA,Pseudoscopelus scriptus
Chlorophthalmus agassizi,hunting macrofauna (predator),mainly animals (troph. 2.8 and up),3.17,Chlorophthalmus agassizi
Parasudis truculenta,hunting macrofauna (predator),mainly animals (troph. 2.8 and up),4.2,Parasudis truculenta
Bufoceratias wedli,NA,NA,NA,Bufoceratias wedli
Diretmichthys parini,variable,mainly animals (troph. 2.8 and up),3.45,Diretmichthys parini
Diretmoides pauciradiatus,NA,NA,NA,Diretmoides pauciradiatus
Diretmus argenteus,NA,NA,3.4,Diretmus argenteus
Coccorella atlantica,hunting macrofauna (predator),mainly animals (troph. 2.8 and up),4.35,Coccorella atlantica
Evermannella indica,NA,NA,NA,Evermannella indica
Odontostomops normalops,hunting macrofauna (predator),mainly animals (troph. 2.8 and up),4.32,Odontostomops normalops
Gibberichthys pumilus,NA,mainly animals (troph. 2.8 and up),3.14,Gibberichthys pumilus
Gigantura chuni,NA,mainly animals (troph. 2.8 and up),4.2,Gigantura chuni
Gigantura indica,NA,NA,NA,Gigantura indica
Bonapartia pedaliota,selective plankton feeding,mainly animals (troph. 2.8 and up),3.4,Bonapartia pedaliota
Aldrovandia affinis,hunting macrofauna (predator),mainly animals (troph. 2.8 and up),3.3,Aldrovandia affinis
Aldrovandia gracilis,variable,mainly animals (troph. 2.8 and up),3.32,Aldrovandia gracilis
Halosaurus guentheri,hunting macrofauna (predator),mainly animals (troph. 2.8 and up),3.39,Halosaurus guentheri
Halosaurus ovenii,hunting macrofauna (predator),mainly animals (troph. 2.8 and up),3.51,Halosaurus ovenii
Himantolophus cornifer,hunting macrofauna (predator),mainly animals (troph. 2.8 and up),3.96,Himantolophus cornifer
Himantolophus groenlandicus,hunting macrofauna (predator),mainly animals (troph. 2.8 and up),4.28,Himantolophus groenlandicus
Howella brodiei,NA,NA,NA,Howella brodiei
Bathypterois bigelowi,NA,NA,NA,Bathypterois bigelowi
Bathypterois grallator,selective plankton feeding,mainly animals (troph. 2.8 and up),3.1,Bathypterois grallator
Bathypterois phenax,filtering plankton,mainly animals (troph. 2.8 and up),3.4,Bathypterois phenax
Bathypterois quadrifilis,NA,NA,NA,Bathypterois quadrifilis
Bathypterois viridensis,NA,NA,NA,Bathypterois viridensis
Ipnops murrayi,NA,mainly animals (troph. 2.8 and up),3.11,Ipnops murrayi
Haplophryne mollis,NA,NA,NA,Haplophryne mollis
Linophryne brevibarbata,NA,NA,NA,Linophryne brevibarbata
Linophryne densiramus,NA,NA,NA,Linophryne densiramus
Coelorinchus caelorhincus,hunting macrofauna (predator),mainly animals (troph. 2.8 and up),3.56,Caelorinchus caelorhincus
Coelorinchus caribbaeus,NA,NA,NA,Coelorinchus caribbaeus
Coelorinchus caelorhincus,hunting macrofauna (predator),mainly animals (troph. 2.8 and up),3.56,Coelorinchus carminatus
Hymenocephalus billsam,NA,NA,NA,Hymenocephalus billsamorum
Nezumia cyrano,NA,NA,NA,Nezumia cyrano
Nezumia longebarbata,NA,NA,NA,Nezumia longebarbata
Nezumia suilla,NA,NA,NA,Nezumia suilla
Sphagemacrurus grenadae,NA,NA,NA,Sphagemacrurus grenadae
Scopelogadus mizolepis,hunting macrofauna (predator),mainly animals (troph. 2.8 and up),3.45,Scopelogadus mizolepis
Scopeloberyx opisthopterus,NA,NA,3,Scopeloberyx opisthopterus
Scopeloberyx robustus,selective plankton feeding,mainly animals (troph. 2.8 and up),3.1,Scopeloberyx robustus
Scopelogadus beanii,selective plankton feeding,mainly animals (troph. 2.8 and up),3.31,Scopelogadus beanii
Melanocetus johnsonii,hunting macrofauna (predator),mainly animals (troph. 2.8 and up),4.07,Melanocetus johnsonii
Melanocetus murrayi,NA,NA,NA,Melanocetus murrayi
Melanonus zugmayeri,NA,NA,NA,Melanonus zugmayeri
Microstoma microstoma,selective plankton feeding,mainly animals (troph. 2.8 and up),3.4,Microstoma microstoma
Nansenia groenlandica,NA,NA,NA,Nansenia groenlandica
Venefica procera,NA,NA,NA,Venefica procera
Cubiceps pauciradiatus,selective plankton feeding,mainly animals (troph. 2.8 and up),3.65,Cubiceps pauciradiatus
Nomeus gronovii,selective plankton feeding,mainly animals (troph. 2.8 and up),3.67,Nomeus gronovii
Psenes cyanophrys,selective plankton feeding,mainly animals (troph. 2.8 and up),3.42,Psenes cyanophrys
Polyacanthonotus africanus,hunting macrofauna (predator),mainly animals (troph. 2.8 and up),3.23,Polyacanthonotus africanus
Polyacanthonotus merretti,NA,NA,NA,Polyacanthonotus merretti
Ahliesaurus berryi,variable,mainly animals (troph. 2.8 and up),3,Ahliesaurus berryi
Omosudis lowii,hunting macrofauna (predator),mainly animals (troph. 2.8 and up),4.29,Omosudis lowei
Dicrolene introniger,hunting macrofauna (predator),mainly animals (troph. 2.8 and up),3.03,Dicrolene intronigra
Acanthonus armatus,NA,NA,NA,Acanthonus armatus
Bassozetus compressus,NA,NA,NA,Bassozetus compressus
Bassozetus robustus,NA,NA,NA,Bassozetus robustus
Bathyonus pectoralis,NA,NA,NA,Bathyonus pectoralis
Dolichopteroides binocularis,NA,NA,NA,Dolichopteryx binocularis
Dolichopteryx longipes,selective plankton feeding,mainly animals (troph. 2.8 and up),3,Dolichopteryx longipes
Lestidiops affinis,hunting macrofauna (predator),mainly animals (troph. 2.8 and up),4.2,Lestidiops affinis
Lestidium atlanticum,NA,NA,NA,Lestidium atlanticum
Lestrolepis intermedia,NA,NA,NA,Lestrolepis intermedia
Magnisudis atlantica,hunting macrofauna (predator),mainly animals (troph. 2.8 and up),4.07,Magnisudis atlantica
Sudis atrox,NA,NA,NA,Sudis atrox
Sudis hyalina,NA,NA,NA,Sudis hyalina
Cyttopsis rosea,hunting macrofauna (predator),mainly animals (troph. 2.8 and up),4.01,Cyttopsis rosea
Peristedion gracile,NA,NA,NA,Peristedion gracile
Peristedion greyae,NA,NA,NA,Peristedion greyae
Peristedion imberbe,NA,NA,NA,Peristedion imberbe
Peristedion longispatha,NA,NA,NA,Peristedion longispatha
Peristedion miniatum,hunting macrofauna (predator),mainly animals (troph. 2.8 and up),NA,Peristedion miniatum
Peristedion thompsoni,NA,NA,NA,Peristedion thompsoni
Peristedion truncatum,NA,NA,NA,Peristedion truncatum
Ichthyococcus ovatus,NA,mainly animals (troph. 2.8 and up),3.4,Ichthyococcus ovatus
Pollichthys mauli,hunting macrofauna (predator),mainly animals (troph. 2.8 and up),3.74,Pollichthys mauli
Polymetme corythaeola,NA,mainly animals (troph. 2.8 and up),4.4,Polymetme corythaeola
Polymetme thaeocoryla,NA,NA,NA,Polymetme thaeocoryla
Vinciguerria attenuata,selective plankton feeding,mainly animals (troph. 2.8 and up),3.05,Vinciguerria attenuata
Vinciguerria nimbaria,selective plankton feeding,mainly animals (troph. 2.8 and up),3.12,Vinciguerria nimbaria
Vinciguerria poweriae,selective plankton feeding,mainly animals (troph. 2.8 and up),3.09,Vinciguerria poweriae
Yarrella blackfordi,hunting macrofauna (predator),mainly animals (troph. 2.8 and up),3.5,Yarrella blackfordi
Polymixia lowei,hunting macrofauna (predator),mainly animals (troph. 2.8 and up),3.95,Polymixia lowei
Rondeletia bicolor,NA,NA,NA,Rondeletia bicolor
Scombrolabrax heterolepis,hunting macrofauna (predator),mainly animals (troph. 2.8 and up),3.95,Scombrolabrax heterolepis
Rosenblattichthys hubbsi,hunting macrofauna (predator),mainly animals (troph. 2.8 and up),4.2,Rosenblattichthys hubbsi
Scopelarchoides danae,NA,NA,NA,Scopelarchoides danae
Scopelarchus analis,hunting macrofauna (predator),mainly animals (troph. 2.8 and up),4.2,Scopelarchus analis
Scopelarchus guentheri,NA,NA,NA,Scopelarchus guentheri
Scopelarchus michaelsarsi,hunting macrofauna (predator),mainly animals (troph. 2.8 and up),4.2,Scopelarchus michaelsarsi
Ectreposebastes imus,selective plankton feeding,mainly animals (troph. 2.8 and up),3.1,Ectreposebastes imus
Setarches guentheri,hunting macrofauna (predator),mainly animals (troph. 2.8 and up),3.45,Setarches guentheri
Stephanoberyx monae,NA,NA,NA,Stephanoberyx monae
Argyropelecus aculeatus,hunting macrofauna (predator),mainly animals (troph. 2.8 and up),3.71,Argyropelecus aculeatus
Argyropelecus affinis,selective plankton feeding,mainly animals (troph. 2.8 and up),3.09,Argyropelecus affinis
Argyropelecus gigas,NA,NA,NA,Argyropelecus gigas
Argyropelecus hemigymnus,hunting macrofauna (predator),mainly animals (troph. 2.8 and up),3.06,Argyropelecus hemigymnus
Argyropelecus hemigymnus,hunting macrofauna (predator),mainly animals (troph. 2.8 and up),3.06,Argyropelecus hemigymnus
Argyropelecus sladeni,selective plankton feeding,mainly animals (troph. 2.8 and up),3.05,Argyropelecus sladeni
Maurolicus muelleri,selective plankton feeding,mainly animals (troph. 2.8 and up),3.25,Maurolicus muelleri
Maurolicus weitzmani,NA,NA,NA,Maurolicus weitzmani
Polyipnus asteroides,NA,NA,NA,Polyipnus asteroides
Polyipnus clarus,NA,NA,NA,Polyipnus clarus
Polyipnus laternatus,NA,NA,NA,Polyipnus laternatus
Sonoda megalophthalma,NA,NA,NA,Sonoda megalophthalma
Sternoptyx diaphana,hunting macrofauna (predator),mainly animals (troph. 2.8 and up),3.07,Sternoptyx diaphana
Sternoptyx pseudobscura,hunting macrofauna (predator),mainly animals (troph. 2.8 and up),3.2,Sternoptyx pseudobscura
Valenciennellus tripunctulatus,variable,mainly animals (troph. 2.8 and up),3.11,Valenciennellus tripunctulatus
Astronesthes cyaneus,NA,NA,NA,Astronesthes cyaneus
Stylephorus chordatus,variable,mainly animals (troph. 2.8 and up),3,Stylephorus chordatus
Microphis brachyurus,NA,mainly animals (troph. 2.8 and up),3.3199999332427974,Oostethus brachyurus
Gephyroberyx darwinii,hunting macrofauna (predator),mainly animals (troph. 2.8 and up),3.9400000572204594,Gephyroberyx darwinii
Hoplostethus mediterraneus,hunting macrofauna (predator),mainly animals (troph. 2.8 and up),3.49,Hoplostethus mediterraneus
Hoplostethus occidentalis,NA,mainly animals (troph. 2.8 and up),3.6,Hoplostethus occidentalis
Trachipterus arcticus,hunting macrofauna (predator),mainly animals (troph. 2.8 and up),4.5,Trachipterus arcticus
Zu cristatus,hunting macrofauna (predator),mainly animals (troph. 2.8 and up),4.5,Zu cristatus
Hollardia hollardi,NA,NA,NA,Hollardia hollardi
Parahollardia lineata,NA,NA,NA,Parahollardia lineata
Xenocephalus egregius,NA,NA,NA,Xenocephalus egregius
Brevoortia gunteri,filtering plankton,mainly animals (troph. 2.8 and up),2.43,Brevoortia gunteri
Brevoortia patronus,filtering plankton,mainly plants/detritus (troph. 2-2.19),2.19,Brevoortia patronus
Brevoortia smithi,filtering plankton,mainly plants/detritus (troph. 2-2.19),2.32,Brevoortia smithi
Lagodon rhomboides,hunting macrofauna (predator),mainly animals (troph. 2.8 and up),3.19,Lagodon rhomboides
Brama caribbea,NA,NA,NA,Brama caribbea
Brama dussumieri,NA,NA,NA,Brama dussumieri
Eumegistus brevorti,hunting macrofauna (predator),mainly animals (troph. 2.8 and up),4.5,Eumegistus brevorti
Pterycombus brama,NA,NA,NA,Pterycombus brama
Taractichthys longipinnis,hunting macrofauna (predator),mainly animals (troph. 2.8 and up),4.5,Taractichthys longipinnis
Hyperoglyphe bythites,NA,NA,NA,Hyperoglyphe bythites
Hyperoglyphe perciformis,hunting macrofauna (predator),mainly animals (troph. 2.8 and up),3.93,Hyperoglyphe perciformis
Diapterus auratus,variable,plants/detritus+animals (troph. 2.2-2.79),2.99,Diapterus auratus
Eucinostomus argenteus,hunting macrofauna (predator),mainly animals (troph. 2.8 and up),3.32,Eucinostomus argenteus
Eucinostomus gula,hunting macrofauna (predator),mainly animals (troph. 2.8 and up),3.13,Eucinostomus gula
Eucinostomus harengulus,hunting macrofauna (predator),mainly animals (troph. 2.8 and up),3.26,Eucinostomus harengulus
Eucinostomus jonesii,NA,NA,NA,Eucinostomus jonesii
Ulaema lefroyi,NA,NA,NA,Eucinostomus lefroyi
Eucinostomus melanopterus,variable,mainly animals (troph. 2.8 and up),3.39,Eucinostomus melanopterus
Eugerres brasilianus,hunting macrofauna (predator),mainly animals (troph. 2.8 and up),3.39,Eugerres brasilianus
Eugerres plumieri,other,mainly plants/detritus (troph. 2-2.19),3.29,Eugerres plumieri
Gerres cinereus,hunting macrofauna (predator),mainly animals (troph. 2.8 and up),3.2,Gerres cinereus
Oxyporhamphus micropterus,selective plankton feeding,mainly animals (troph. 2.8 and up),3.13,Oxyporhamphus micropterus
Megalops atlanticus,hunting macrofauna (predator),mainly animals (troph. 2.8 and up),3.61,Megalops atlanticus
Scomberesox saurus,selective plankton feeding,mainly animals (troph. 2.8 and up),3.69,Scomberesox saurus saurus
Argentina georgei,NA,NA,NA,Argentina georgei
Argentina striata,NA,NA,NA,Argentina striata
Glossanodon pygmaeus,NA,mainly animals (troph. 2.8 and up),3,Glossanodon pygmaeus
Membras martinica,NA,mainly animals (troph. 2.8 and up),NA,Membras martinica
Menidia beryllina,hunting macrofauna (predator),mainly animals (troph. 2.8 and up),NA,Menidia beryllina
Menidia peninsulae,NA,NA,NA,Menidia peninsulae
Dolicholagus longirostris,filtering plankton,mainly animals (troph. 2.8 and up),3.4,Dolicholagus longirostris
Melanolagus bericoides,selective plankton feeding,mainly animals (troph. 2.8 and up),3.4,Melanolagus bericoides
Alosa alabamae,variable,plants/detritus+animals (troph. 2.2-2.79),2.66,Alosa alabamae
Alosa chrysochloris,hunting macrofauna (predator),mainly animals (troph. 2.8 and up),3.89,Alosa chrysochloris
Dorosoma petenense,selective plankton feeding,mainly animals (troph. 2.8 and up),2.82,Dorosoma petenense
Etrumeus sadina,selective plankton feeding,mainly animals (troph. 2.8 and up),3.4000000953674316,Etrumeus teres
Harengula clupeola,selective plankton feeding,mainly animals (troph. 2.8 and up),3.52999997138977,Harengula clupeola
Harengula humeralis,variable,mainly animals (troph. 2.8 and up),3.4600000381469727,Harengula humeralis
Harengula jaguana,hunting macrofauna (predator),mainly animals (troph. 2.8 and up),3.4,Harengula jaguana
Jenkinsia lamprotaenia,hunting macrofauna (predator),mainly animals (troph. 2.8 and up),3.62,Jenkinsia lamprotaenia
Opisthonema oglinum,hunting macrofauna (predator),mainly animals (troph. 2.8 and up),3.6,Opisthonema oglinum
Sardinella brasiliensis,selective plankton feeding,mainly animals (troph. 2.8 and up),3.1,Sardinella janeiro
Anchoa cayorum,NA,NA,NA,Anchoa cayorum
Anchoa cubana,NA,NA,NA,Anchoa cubana
Anchoa hepsetus,selective plankton feeding,mainly animals (troph. 2.8 and up),3.25,Anchoa hepsetus
Anchoa lyolepis,filtering plankton,plants/detritus+animals (troph. 2.2-2.79),3.4,Anchoa lyolepis
Anchoa mitchilli,variable,mainly animals (troph. 2.8 and up),3.46,Anchoa mitchilli
Anchoviella perfasciata,NA,NA,NA,Anchoviella perfasciata
Engraulis eurystole,NA,NA,NA,Engraulis eurystole
Cheilopogon cyanopterus,selective plankton feeding,mainly animals (troph. 2.8 and up),3.25,Cheilopogon cyanopterus
Cheilopogon furcatus,variable,mainly animals (troph. 2.8 and up),3.96,Cheilopogon furcatus
Cheilopogon heterurus,selective plankton feeding,mainly animals (troph. 2.8 and up),3.4,Cheilopogon heterurus
Cheilopogon melanurus,NA,NA,NA,Cheilopogon melanurus
Cypselurus comatus,NA,NA,NA,Cypselurus comatus
Exocoetus obtusirostris,hunting macrofauna (predator),mainly animals (troph. 2.8 and up),NA,Exocoetus obtusirostris
Exocoetus volitans,selective plankton feeding,mainly animals (troph. 2.8 and up),3.03,Exocoetus volitans
Hirundichthys affinis,hunting macrofauna (predator),mainly animals (troph. 2.8 and up),3.79,Hirundichthys affinis
Hirundichthys rondeletii,NA,NA,NA,Hirundichthys rondeletii
Parexocoetus brachypterus,selective plankton feeding,mainly animals (troph. 2.8 and up),3.4,Parexocoetus brachypterus
Prognichthys occidentalis,NA,NA,NA,Prognichthys occidentalis
Cyclothone acclinidens,selective plankton feeding,mainly animals (troph. 2.8 and up),3.55,Cyclothone acclinidens
Cyclothone alba,NA,NA,NA,Cyclothone alba
Cyclothone braueri,selective plankton feeding,mainly animals (troph. 2.8 and up),3.08,Cyclothone braueri
Cyclothone microdon,selective plankton feeding,mainly animals (troph. 2.8 and up),3.04,Cyclothone microdon
Cyclothone obscura,NA,NA,NA,Cyclothone obscura
Cyclothone pallida,NA,mainly animals (troph. 2.8 and up),3.23,Cyclothone pallida
Cyclothone pseudopallida,NA,mainly animals (troph. 2.8 and up),3.13,Cyclothone pseudopallida
Diplophos taenia,selective plankton feeding,mainly animals (troph. 2.8 and up),3.2,Diplophos taenia
Gonostoma atlanticum,variable,mainly animals (troph. 2.8 and up),3.03,Gonostoma atlanticum
Sigmops elongatus,hunting macrofauna (predator),mainly animals (troph. 2.8 and up),3.3,Gonostoma elongatum
Manducus maderensis,NA,mainly animals (troph. 2.8 and up),3.5,Manducus maderensis
Margrethia obtusirostra,hunting macrofauna (predator),mainly animals (troph. 2.8 and up),3.5,Margrethia obtusirostra
Chriodorus atherinoides,NA,NA,NA,Chriodorus atherinoides
Euleptorhamphus velox,NA,NA,NA,Euleptorhamphus velox
Hemiramphus balao,hunting macrofauna (predator),mainly animals (troph. 2.8 and up),3.71,Hemiramphus balao
Hemiramphus brasiliensis,grazing on aquatic plants,plants/detritus+animals (troph. 2.2-2.79),2.8,Hemiramphus brasiliensis
Hyporhamphus meeki,variable,plants/detritus+animals (troph. 2.2-2.79),2.81,Hyporhamphus meeki
Hyporhamphus unifasciatus,grazing on aquatic plants,mainly plants/detritus (troph. 2-2.19),2.990000009536743,Hyporhamphus unifasciatus
Oxyporhamphus micropterus,selective plankton feeding,mainly animals (troph. 2.8 and up),3.13,Oxyporhamphus micropterus
Merluccius albidus,hunting macrofauna (predator),mainly animals (troph. 2.8 and up),4.47,Merluccius albidus
Uncisudis advena,NA,NA,NA,Uncisudis advena
Uncisudis quadrimaculata,NA,NA,NA,Uncisudis quadrimaculata
Steindachneria argentea,NA,NA,NA,Steindachneria argentea
Carcharhinus limbatus,hunting macrofauna (predator),mainly animals (troph. 2.8 and up),4.46,Carcharhinus limbatus
Heptranchias perlo,hunting macrofauna (predator),mainly animals (troph. 2.8 and up),4.27,Heptranchias perlo
Hexanchus griseus,hunting macrofauna (predator),mainly animals (troph. 2.8 and up),4.42,Hexanchus griseus
Mitsukurina owstoni,hunting macrofauna (predator),mainly animals (troph. 2.8 and up),4.14,Mitsukurina owstoni
Pristis pectinata,hunting macrofauna (predator),mainly animals (troph. 2.8 and up),4.5,Pristis pectinata
Pristis perotteti,NA,NA,NA,Pristis perotteti
Pristis pristis,hunting macrofauna (predator),mainly animals (troph. 2.8 and up),3.97,Pristis pristis
Squatina heteroptera,NA,NA,NA,Squatina heteroptera
Squatina dumeril,hunting macrofauna (predator),mainly animals (troph. 2.8 and up),3.7,Squatina dumeril
Alopias superciliosus,hunting macrofauna (predator),mainly animals (troph. 2.8 and up),4.47,Alopias superciliosus
Alopias vulpinus,hunting macrofauna (predator),mainly animals (troph. 2.8 and up),4.37,Alopias vulpinus
Carcharhinus perezi,hunting macrofauna (predator),mainly animals (troph. 2.8 and up),4.5,Carcharhinus perezii
Carcharhinus acronotus,hunting macrofauna (predator),mainly animals (troph. 2.8 and up),4.5,Carcharhinus acronotus
Carcharhinus altimus,hunting macrofauna (predator),mainly animals (troph. 2.8 and up),4.5,Carcharhinus altimus
Carcharhinus brevipinna,hunting macrofauna (predator),mainly animals (troph. 2.8 and up),4.5,Carcharhinus brevipinna
Carcharhinus falciformis,hunting macrofauna (predator),mainly animals (troph. 2.8 and up),4.4,Carcharhinus falciformis
Carcharhinus isodon,hunting macrofauna (predator),mainly animals (troph. 2.8 and up),4.27,Carcharhinus isodon
Carcharhinus leucas,hunting macrofauna (predator),mainly animals (troph. 2.8 and up),4.34,Carcharhinus leucas
Carcharhinus longimanus,hunting macrofauna (predator),mainly animals (troph. 2.8 and up),4.39,Carcharhinus longimanus
Carcharhinus obscurus,hunting macrofauna (predator),mainly animals (troph. 2.8 and up),4.42,Carcharhinus obscurus
Carcharhinus plumbeus,hunting macrofauna (predator),mainly animals (troph. 2.8 and up),4.23,Carcharhinus plumbeus
Carcharhinus porosus,hunting macrofauna (predator),mainly animals (troph. 2.8 and up),4.36,Carcharhinus porosus
Carcharhinus signatus,hunting macrofauna (predator),mainly animals (troph. 2.8 and up),4.5,Carcharhinus signatus
Galeocerdo cuvier,hunting macrofauna (predator),mainly animals (troph. 2.8 and up),4.42,Galeocerdo cuvier
Negaprion brevirostris,hunting macrofauna (predator),mainly animals (troph. 2.8 and up),3.93,Negaprion brevirostris
Prionace glauca,hunting macrofauna (predator),mainly animals (troph. 2.8 and up),4.37,Prionace glauca
Rhizoprionodon terraenovae,hunting macrofauna (predator),mainly animals (troph. 2.8 and up),4.5,Rhizoprionodon terraenovae
Ginglymostoma cirratum,hunting macrofauna (predator),mainly animals (troph. 2.8 and up),4.3,Ginglymostoma cirratum
Carcharodon carcharias,hunting macrofauna (predator),mainly animals (troph. 2.8 and up),4.48,Carcharodon carcharias
Isurus oxyrinchus,hunting macrofauna (predator),mainly animals (troph. 2.8 and up),4.32,Isurus oxyrinchus
Isurus paucus,hunting macrofauna (predator),mainly animals (troph. 2.8 and up),4.5,Isurus paucus
Carcharias taurus,hunting macrofauna (predator),mainly animals (troph. 2.8 and up),4.44,Carcharias taurus
Sphyrna lewini,hunting macrofauna (predator),mainly animals (troph. 2.8 and up),4.210000038146973,Sphyrna lewini
Sphyrna mokarran,hunting macrofauna (predator),mainly animals (troph. 2.8 and up),4.43,Sphyrna mokarran
Sphyrna tiburo,hunting macrofauna (predator),plants/detritus+animals (troph. 2.2-2.79),3.77,Sphyrna tiburo
Cetorhinus maximus,filtering plankton,mainly animals (troph. 2.8 and up),3.31,Cetorhinus maximus
Mobula birostris,filtering plankton,mainly animals (troph. 2.8 and up),3.4600000381469727,Manta birostris
Rhincodon typus,filtering plankton,mainly animals (troph. 2.8 and up),3.76,Rhincodon typus
Centrophorus granulosus,hunting macrofauna (predator),mainly animals (troph. 2.8 and up),4.5,Centrophorus acus
Centrophorus granulosus,hunting macrofauna (predator),mainly animals (troph. 2.8 and up),4.5,Centrophorus granulosus
Dalatias licha,hunting macrofauna (predator),mainly animals (troph. 2.8 and up),4.3,Dalatias licha
Isistius brasiliensis,hunting macrofauna (predator),mainly animals (troph. 2.8 and up),3.8,Isistius brasiliensis
Etmopterus bigelowi,hunting macrofauna (predator),mainly animals (troph. 2.8 and up),4.4,Etmopterus bigelowi
Etmopterus hillianus,hunting macrofauna (predator),mainly animals (troph. 2.8 and up),4.5,Etmopterus hillianus
Etmopterus schultzi,NA,NA,NA,Etmopterus schultzi
Etmopterus virens,hunting macrofauna (predator),mainly animals (troph. 2.8 and up),4.2,Etmopterus virens
Zameus squamulosus,hunting macrofauna (predator),mainly animals (troph. 2.8 and up),3.97,Zameus squamulosus
Centrophorus uyato,hunting macrofauna (predator),mainly animals (troph. 2.8 and up),4.5,Squalus uyato
Cirrhigaleus asper,hunting macrofauna (predator),mainly animals (troph. 2.8 and up),4.5,Cirrhigaleus asper
Squalus cubensis,hunting macrofauna (predator),mainly animals (troph. 2.8 and up),NA,Squalus cubensis
Squalus mitsukurii,hunting macrofauna (predator),mainly animals (troph. 2.8 and up),4.35,Squalus mitsukurii
Springeria folirostris,NA,NA,NA,Anacanthobatis folirostris
Hydrolagus alberti,NA,NA,NA,Hydrolagus alberti
Hydrolagus mirabilis,hunting macrofauna (predator),mainly animals (troph. 2.8 and up),3.94,Hydrolagus mirabilis
Hypanus americanus,variable,mainly animals (troph. 2.8 and up),3.72,Dasyatis americana
Bathytoshia centroura,hunting macrofauna (predator),mainly animals (troph. 2.8 and up),3.81,Dasyatis centroura
Hypanus guttatus,variable,plants/detritus+animals (troph. 2.2-2.79),NA,Dasyatis guttata
Hypanus sabinus,hunting macrofauna (predator),mainly animals (troph. 2.8 and up),3.450000047683716,Dasyatis sabina
Hypanus say,hunting macrofauna (predator),mainly animals (troph. 2.8 and up),NA,Dasyatis say
Gymnura altavela,hunting macrofauna (predator),mainly animals (troph. 2.8 and up),3.91,Gymnura altavela
Gymnura micrura,hunting macrofauna (predator),mainly animals (troph. 2.8 and up),3.56,Gymnura micrura
Myliobatis freminvillei,hunting macrofauna (predator),mainly animals (troph. 2.8 and up),3.27,Myliobatis freminvillei
Aetobatus narinari,hunting macrofauna (predator),mainly animals (troph. 2.8 and up),3.32,Aetobatus narinari
Narcine brasiliensis,hunting macrofauna (predator),mainly animals (troph. 2.8 and up),3.061,Narcine brasiliensis
Breviraja spinosa,NA,NA,NA,Breviraja spinosa
Dactylobatus armatus,NA,NA,NA,Dactylobatus armatus
Dipturus garricki,NA,NA,NA,Dipturus garricki
Dipturus olseni,NA,NA,NA,Dipturus olseni
Fenestraja sinusmexicanus,NA,NA,NA,Fenestraja sinusmexicanus
Leucoraja lentiginosa,NA,NA,NA,Leucoraja lentiginosa
Raja ackleyi,NA,NA,NA,Raja ackleyi
Raja eglanteria,hunting macrofauna (predator),mainly animals (troph. 2.8 and up),3.74,Raja eglanteria
Raja texana,hunting macrofauna (predator),mainly animals (troph. 2.8 and up),3.84,Raja texana
Rajella bigelowi,NA,NA,NA,Rajella bigelowi
Rajella purpuriventralis,NA,NA,NA,Rajella purpuriventralis
Pseudobatos lentiginosus,hunting macrofauna (predator),mainly animals (troph. 2.8 and up),3.55,Rhinobatos lentiginosus
Rhinoptera bonasus,hunting macrofauna (predator),mainly animals (troph. 2.8 and up),3.49,Rhinoptera bonasus
Apristurus laurussonii,NA,NA,NA,Apristurus laurussonii
Apristurus parvipinnis,NA,NA,NA,Apristurus parvipinnis
Apristurus riveri,NA,NA,NA,Apristurus riveri
Galeus arae,hunting macrofauna (predator),mainly animals (troph. 2.8 and up),3.6,Galeus arae
Scyliorhinus retifer,hunting macrofauna (predator),mainly animals (troph. 2.8 and up),NA,Scyliorhinus retifer
Tetronarce nobiliana,hunting macrofauna (predator),mainly animals (troph. 2.8 and up),4.5,Torpedo nobiliana
Mustelus canis,hunting macrofauna (predator),mainly animals (troph. 2.8 and up),3.69,Mustelus canis
Mustelus norrisi,hunting macrofauna (predator),mainly animals (troph. 2.8 and up),3.87,Mustelus norrisi
Mustelus sinusmexicanus,NA,NA,NA,Mustelus sinusmexicanus
Urobatis jamaicensis,hunting macrofauna (predator),mainly animals (troph. 2.8 and up),3.55,Urobatis jamaicensis
